setchancecol,mp/loot/br/mutations/buybacks/lootset_root.csv,2,,,,,,,,,,,,,,,,,,,,,,,,,,,,,,,,,,,,,,,,,,,,,,,,,
setchancecol,mp/loot/br/mutations/buybacks/lootset_global.csv,3,,,,,,,,,,,,,,,,,,,,,,,,,,,,,,,,,,,,,,,,,,,,,,,,,
setchancecol,mp/loot/br/mutations/buybacks/lootset_cache_base.csv,4,,,,,,,,,,,,,,,,,,,,,,,,,,,,,,,,,,,,,,,,,,,,,,,,,
setchancecol,mp/loot/br/br_preview/lootset_cache_underwater.csv,5,,,,,,,,,,,,,,,,,,,,,,,,,,,,,,,,,,,,,,,,,,,,,,,,,
setchancecol,mp/loot/br/mutations/buybacks/lootset_cache_lege.csv,6,,,,,,,,,,,,,,,,,,,,,,,,,,,,,,,,,,,,,,,,,,,,,,,,,
setchancecol,mp/loot/br/br_preview/strongholds/lootset_cache_stronghold.csv,7,,,,,,,,,,,,,,,,,,,,,,,,,,,,,,,,,,,,,,,,,,,,,,,,,
setchancecol,mp/loot/br/br_preview/strongholds/lootset_cache_blacksite.csv,8,,,,,,,,,,,,,,,,,,,,,,,,,,,,,,,,,,,,,,,,,,,,,,,,,
setchancecol,mp/loot/br/br_preview/strongholds/lootset_stronghold_black.csv,9,,,,,,,,,,,,,,,,,,,,,,,,,,,,,,,,,,,,,,,,,,,,,,,,,
setchancecol,mp/loot/br/br_preview/strongholds/lootset_stronghold_high.csv,10,,,,,,,,,,,,,,,,,,,,,,,,,,,,,,,,,,,,,,,,,,,,,,,,,
setchancecol,mp/loot/br/br_preview/gulag/lootset_gulag_event_cash_overflow.csv,11,,,,,,,,,,,,,,,,,,,,,,,,,,,,,,,,,,,,,,,,,,,,,,,,,
setchancecol,mp/loot/br/br_preview/containers/lootset_cache_cash_register.csv,12,,,,,,,,,,,,,,,,,,,,,,,,,,,,,,,,,,,,,,,,,,,,,,,,,
setchancecol,mp/loot/br/br_preview/containers/lootset_cache_duffel_bag.csv,13,,,,,,,,,,,,,,,,,,,,,,,,,,,,,,,,,,,,,,,,,,,,,,,,,
setchancecol,mp/loot/br/br_preview/containers/lootset_cache_hidden_container.csv,14,,,,,,,,,,,,,,,,,,,,,,,,,,,,,,,,,,,,,,,,,,,,,,,,,
setchancecol,mp/loot/br/mutations/buybacks/lootset_cache_medical_box_wall.csv,15,,,,,,,,,,,,,,,,,,,,,,,,,,,,,,,,,,,,,,,,,,,,,,,,,
setchancecol,mp/loot/br/mutations/buybacks/lootset_cache_medicine_cabinet.csv,16,,,,,,,,,,,,,,,,,,,,,,,,,,,,,,,,,,,,,,,,,,,,,,,,,
setchancecol,mp/loot/br/br_preview/containers/lootset_cache_weapon_locker.csv,17,,,,,,,,,,,,,,,,,,,,,,,,,,,,,,,,,,,,,,,,,,,,,,,,,
setchancecol,mp/loot/br/br_preview/strongholds/lootset_stronghold_bomb_defuse_reward.csv,18,,,,,,,,,,,,,,,,,,,,,,,,,,,,,,,,,,,,,,,,,,,,,,,,,
setchancecol,mp/loot/br/br_preview/strongholds/lootset_blacksite_boss_backpack.csv,19,,,,,,,,,,,,,,,,,,,,,,,,,,,,,,,,,,,,,,,,,,,,,,,,,
setchancecol,mp/loot/br/br_preview/strongholds/lootset_cache_train_safe.csv,20,,,,,,,,,,,,,,,,,,,,,,,,,,,,,,,,,,,,,,,,,,,,,,,,,
setchancecol,mp/loot/br/br_preview/contracts/lootset_contract_dom.csv,21,,,,,,,,,,,,,,,,,,,,,,,,,,,,,,,,,,,,,,,,,,,,,,,,,
setchancecol,mp/loot/br/mutations/buybacks/lootset_contract_scav1.csv,22,,,,,,,,,,,,,,,,,,,,,,,,,,,,,,,,,,,,,,,,,,,,,,,,,
setchancecol,mp/loot/br/mutations/buybacks/lootset_contract_scav2.csv,23,,,,,,,,,,,,,,,,,,,,,,,,,,,,,,,,,,,,,,,,,,,,,,,,,
setchancecol,mp/loot/br/mutations/buybacks/lootset_contract_scav3.csv,24,,,,,,,,,,,,,,,,,,,,,,,,,,,,,,,,,,,,,,,,,,,,,,,,,
setchancecol,mp/loot/br/br_preview/contracts/lootset_contract_safe1.csv,25,,,,,,,,,,,,,,,,,,,,,,,,,,,,,,,,,,,,,,,,,,,,,,,,,
setchancecol,mp/loot/br/br_preview/lootset_empty.csv,26,,,,,,,,,,,,,,,,,,,,,,,,,,,,,,,,,,,,,,,,,,,,,,,,,
setchancecol,mp/loot/br/br_preview/locations/lootset_autobody_shop.csv,27,,,,,,,,,,,,,,,,,,,,,,,,,,,,,,,,,,,,,,,,,,,,,,,,,
setchancecol,mp/loot/br/br_preview/locations/lootset_car_dealership.csv,28,,,,,,,,,,,,,,,,,,,,,,,,,,,,,,,,,,,,,,,,,,,,,,,,,
setchancecol,mp/loot/br/br_preview/locations/lootset_fire_station.csv,29,,,,,,,,,,,,,,,,,,,,,,,,,,,,,,,,,,,,,,,,,,,,,,,,,
setchancecol,mp/loot/br/br_preview/locations/lootset_gas_station.csv,30,,,,,,,,,,,,,,,,,,,,,,,,,,,,,,,,,,,,,,,,,,,,,,,,,
setchancecol,mp/loot/br/br_preview/locations/lootset_pharmacy.csv,31,,,,,,,,,,,,,,,,,,,,,,,,,,,,,,,,,,,,,,,,,,,,,,,,,
setchancecol,mp/loot/br/br_preview/locations/lootset_police_station.csv,32,,,,,,,,,,,,,,,,,,,,,,,,,,,,,,,,,,,,,,,,,,,,,,,,,
setchancecol,mp/loot/br/br_preview/locations/lootset_restaurant.csv,33,,,,,,,,,,,,,,,,,,,,,,,,,,,,,,,,,,,,,,,,,,,,,,,,,
setchancecol,mp/loot/br/br_preview/locations/lootset_station_house.csv,34,,,,,,,,,,,,,,,,,,,,,,,,,,,,,,,,,,,,,,,,,,,,,,,,,
setchancecol,mp/loot/br/br_preview/locations/lootset_bank.csv,35,,,,,,,,,,,,,,,,,,,,,,,,,,,,,,,,,,,,,,,,,,,,,,,,,
setchancecol,mp/loot/br/br_preview/locations/lootset_recon.csv,36,,,,,,,,,,,,,,,,,,,,,,,,,,,,,,,,,,,,,,,,,,,,,,,,,
setchancecol,mp/loot/br/br_preview/locations/lootset_defensive.csv,37,,,,,,,,,,,,,,,,,,,,,,,,,,,,,,,,,,,,,,,,,,,,,,,,,
setchancecol,mp/loot/br/br_preview/locations/lootset_offensive.csv,38,,,,,,,,,,,,,,,,,,,,,,,,,,,,,,,,,,,,,,,,,,,,,,,,,
setchancecol,mp/loot/br/br_preview/locations/lootset_support.csv,39,,,,,,,,,,,,,,,,,,,,,,,,,,,,,,,,,,,,,,,,,,,,,,,,,
setchancecol,mp/loot/br/br_preview/locations/lootset_test.csv,40,,,,,,,,,,,,,,,,,,,,,,,,,,,,,,,,,,,,,,,,,,,,,,,,,
setchancecol,mp/loot/br/br_preview/locations/lootset_manor.csv,41,,,,,,,,,,,,,,,,,,,,,,,,,,,,,,,,,,,,,,,,,,,,,,,,,
setchancecol,mp/loot/br/br_preview/contracts/lootset_contract_recovery.csv,42,,,,,,,,,,,,,,,,,,,,,,,,,,,,,,,,,,,,,,,,,,,,,,,,,
setchancecol,mp/loot/br/mutations/buybacks/lootset_contract_intel.csv,43,,,,,,,,,,,,,,,,,,,,,,,,,,,,,,,,,,,,,,,,,,,,,,,,,
setchancecol,mp/loot/br/mutations/buybacks/lootset_contract_vipCrate.csv,44,,,,,,,,,,,,,,,,,,,,,,,,,,,,,,,,,,,,,,,,,,,,,,,,,
setchancecol,mp/loot/br/mutations/buybacks/lootset_cache_reusable.csv,45,,,,,,,,,,,,,,,,,,,,,,,,,,,,,,,,,,,,,,,,,,,,,,,,,
setchancecol,mp/loot/br/br_preview/public_events/lootset_cache_pe_crate_drop.csv,46,,,,,,,,,,,,,,,,,,,,,,,,,,,,,,,,,,,,,,,,,,,,,,,,,
setchancecol,mp/loot/br/br_preview/locations/bunkers/lootset_bunker.csv,47,,,,,,,,,,,,,,,,,,,,,,,,,,,,,,,,,,,,,,,,,,,,,,,,,
setchancecol,mp/loot/br/br_preview/locations/bunkers/lootset_cache_bunker.csv,48,,,,,,,,,,,,,,,,,,,,,,,,,,,,,,,,,,,,,,,,,,,,,,,,,
setchancecol,mp/loot/br/br_preview/locations/bunkers/lootset_bunker_treasury.csv,49,,,,,,,,,,,,,,,,,,,,,,,,,,,,,,,,,,,,,,,,,,,,,,,,,
setchancecol,mp/loot/br/br_preview/strongholds/lootset_ground_hotzone.csv,50,,,,,,,,,,,,,,,,,,,,,,,,,,,,,,,,,,,,,,,,,,,,,,,,,
setchancecol,mp/loot/br/br_preview/contracts/lootset_contract_spy_drones.csv,51,,,,,,,,,,,,,,,,,,,,,,,,,,,,,,,,,,,,,,,,,,,,,,,,,
tagReject,nobr,,100,100,100,100,100,100,100,100,100,100,100,100,100,100,100,100,100,100,100,100,100,100,100,100,100,100,100,100,100,100,100,100,100,100,100,100,100,100,100,100,100,100,100,100,100,100,100,100,100
tagReject,sealion,,100,100,100,100,100,100,100,100,100,100,100,100,100,100,100,100,100,100,100,100,100,100,100,100,100,100,100,100,100,100,100,100,100,100,100,100,100,100,100,100,100,100,100,100,100,100,100,100,100
tagReject,delta,,100,100,100,100,100,100,100,100,100,100,100,100,100,100,100,100,100,100,100,100,100,100,100,100,100,100,100,100,100,100,100,100,100,100,100,100,100,100,100,100,100,100,100,100,100,100,100,100,100
tagReject,escape,,100,100,100,100,100,100,100,100,100,100,100,100,100,100,100,100,100,100,100,100,100,100,100,100,100,100,100,100,100,100,100,100,100,100,100,100,100,100,100,100,100,100,100,100,100,100,100,100,100
tagReject,jup_sm_island_2,,100,100,100,100,100,100,100,100,100,100,100,100,100,100,100,100,100,100,100,100,100,100,100,100,100,100,100,100,100,100,100,100,100,100,100,100,100,100,100,100,100,100,100,100,100,100,100,100,100
reqLimit,gascan,,3,,,,,,,,,,,,,,,,,,,,,,,,,,,,,,,,,,,,,,,,,,,,,,,,
chance,ammo,,120,10,85,20,20,20,190,190,0,0,10,20,0,0,1,20,20,60,2,10,10,20,2,0,120,120,120,120,120,120,120,120,120,120,120,120,120,0,120,2,20,20,10,0,120,20,190,120,110
chance,health,,65,10,85,20,20,20,130,130,0,0,10,20,1,1,0,20,20,60,25,10,10,20,25,0,65,65,65,65,65,65,65,65,65,65,65,65,65,0,65,25,20,20,10,0,65,20,130,65,100
chance,plunder,,75,10,50,100,100,100,50,50,1,1,10,100,0,0,0,100,100,100,2,10,10,100,2,0,75,75,75,75,75,75,75,75,75,75,75,75,75,0,75,2,100,100,10,1,75,100,50,75,20
chance,killstreak,,40,25,100,180,180,180,0,0,0,0,25,180,0,0,100,180,180,170,3,25,25,180,3,0,40,40,40,40,40,40,40,40,40,40,40,40,40,0,40,3,180,180,25,0,40,180,1,40,135
chance,lethal,,75,1,0,1,0,0,0,0,0,0,0,0,1,1,0,0,0,0,0,1,1,1,0,0,0,0,0,0,0,0,0,0,0,0,0,0,0,0,0,0,1,1,1,0,0,0,0,0,0
chance,tactical,,75,1,0,1,0,0,0,0,0,0,0,0,1,1,0,0,0,0,0,1,1,1,0,0,0,0,0,0,0,0,0,0,0,0,0,0,0,0,0,0,1,1,1,0,0,0,0,0,0
chance,super,,75,1,0,1,0,0,0,0,0,0,0,0,1,1,0,0,0,0,0,1,1,1,0,0,0,0,0,0,0,0,0,0,0,0,0,0,0,0,0,0,1,1,1,0,0,0,0,0,0
chance,weapon,,185,100,60,20,20,20,176,176,0,0,100,20,0,0,1,20,20,55,5,100,100,20,5,0,185,185,185,185,185,185,185,185,185,185,185,185,185,0,185,5,20,20,100,0,185,20,176,185,95
chance,gear,,0,25,50,50,50,50,0,0,0,0,25,50,0,0,0,50,50,100,3,25,25,50,3,0,25,25,25,25,25,25,25,25,25,25,25,25,25,0,25,3,50,50,25,0,0,50,1,25,20
chance,revive,,0,25,20,60,60,60,0,0,0,0,25,60,50,50,0,60,60,60,0,25,25,60,0,0,25,25,25,25,25,25,25,25,25,25,25,25,25,0,25,0,60,60,25,0,0,60,0,25,30
chance,tablet,,20,0,0,0,0,0,0,0,0,0,0,0,0,0,0,0,0,0,0,0,0,0,0,0,20,20,20,20,20,20,20,20,20,20,20,20,20,0,20,0,0,0,0,0,0,0,0,20,0
chance,perkpack,,0,175,0,160,160,160,20,20,0,0,175,160,150,150,30,160,160,100,5,205,205,160,5,0,25,25,25,25,25,25,25,25,25,25,25,25,25,0,25,0,160,160,175,0,0,160,20,25,50
chance,token,,0,25,0,100,100,100,0,0,0,0,25,100,0,0,0,100,100,5,0,25,25,100,0,0,0,0,0,0,0,0,0,0,0,0,0,0,0,0,0,0,100,100,25,0,0,100,1,0,75
chance,plate_carrier,,0,145,10,40,40,40,7,7,0,0,145,40,150,150,0,40,40,10,0,205,205,40,5,0,25,25,25,25,25,25,25,25,25,25,25,25,25,0,25,0,40,40,145,1,1,40,7,25,25
chance,voucher,,0,0,0,0,0,0,0,0,0,0,0,0,0,0,0,0,0,0,0,0,0,0,0,0,0,0,0,0,0,0,0,0,0,0,0,0,0,0,0,0,0,0,0,0,0,0,0,0,0
chance,key,,0,3,0,5,0,0,0,0,0,0,3,0,0,0,0,0,0,0,0,3,3,5,0,0,0,0,0,0,0,0,0,0,0,0,0,0,0,0,0,0,5,5,3,0,0,5,0,0,3
chance,keycard,,0,5,0,8,0,0,0,0,0,0,5,0,0,0,0,0,0,0,1,5,5,8,1,0,0,0,0,0,0,0,0,0,0,0,0,0,0,0,0,0,8,8,5,0,0,0,0,0,5
item,brloot_ammo_12g,,150,150,150,150,150,150,150,150,0,0,150,150,0,0,150,150,150,150,150,150,150,150,150,0,150,150,150,150,150,150,150,150,150,150,150,150,150,0,150,150,100,100,150,0,150,150,150,150,150
item,brloot_ammo_50cal,,205,205,205,205,205,205,205,205,0,0,205,205,0,0,205,205,205,205,205,205,205,205,205,0,205,205,205,205,205,205,205,205,205,205,205,205,205,0,205,205,205,205,205,0,205,205,205,205,205
item,brloot_ammo_762,,330,330,330,330,330,330,330,330,0,0,330,330,0,0,330,330,330,330,330,330,330,330,330,0,330,330,330,330,330,330,330,330,330,330,330,330,330,0,330,330,330,330,330,0,330,330,330,330,330
item,brloot_ammo_919,,265,265,265,265,265,265,265,265,0,0,265,265,0,0,265,265,265,265,265,265,265,265,265,0,265,265,265,265,265,265,265,265,265,265,265,265,265,0,265,265,265,265,265,0,265,265,265,265,265
item,brloot_ammo_rocket,,50,50,50,50,50,50,50,50,0,0,50,50,0,0,50,50,50,50,50,50,50,50,50,0,50,50,50,50,50,50,50,50,50,50,50,50,50,0,50,50,50,50,50,0,50,50,50,50,50
item,brloot_equip_gasmask,,0,1,400,1,1,1,0,0,0,0,1,1,0,0,0,1,1,1,1,1,1,1,1,0,1,1,1,1,1,1,1,1,1,1,1,1,1,0,1,1,90,1,1,0,0,1,0,1,400
item,brloot_equip_gasmask_durable,,0,0,0,0,0,0,0,0,0,0,0,0,0,0,0,0,0,0,0,0,0,0,0,0,0,0,0,0,0,0,0,0,0,0,0,0,0,0,0,0,10,0,0,0,0,1,0,0,100
item,brloot_self_revive,,0,1,1,1,1,1,0,0,0,0,1,1,1,1,0,1,1,1,0,1,1,1,0,0,1,1,1,1,1,1,1,1,1,1,1,1,1,0,1,0,1,100,1,0,0,1,0,1,1
item,brloot_offhand_atmine,,0,0,0,0,0,0,0,0,0,0,0,0,0,0,0,0,0,0,0,0,0,0,0,0,0,0,0,0,0,0,0,0,0,0,0,0,0,0,0,0,0,0,0,0,0,0,0,0,0
item,brloot_offhand_claymore,,0,0,0,0,0,0,0,0,0,0,0,0,0,0,0,0,0,0,0,0,0,0,0,0,0,0,0,0,0,0,0,0,0,0,0,0,0,0,0,0,0,0,0,0,0,0,0,0,0
item,brloot_offhand_c4,,0,0,0,0,0,0,0,0,0,0,0,0,0,0,0,0,0,0,0,0,0,0,0,0,0,0,0,0,0,0,0,0,0,0,0,0,0,0,0,0,0,0,0,0,0,0,0,0,0
item,brloot_offhand_frag,,0,0,0,0,0,0,0,0,0,0,0,0,0,0,0,0,0,0,0,0,0,0,0,0,0,0,0,0,0,0,0,0,0,0,0,0,0,0,0,0,0,0,0,0,0,0,0,0,0
item,brloot_offhand_molotov,,0,0,0,0,0,0,0,0,0,0,0,0,0,0,0,0,0,0,0,0,0,0,0,0,0,0,0,0,0,0,0,0,0,0,0,0,0,0,0,0,0,0,0,0,0,0,0,0,0
item,brloot_offhand_semtex,,0,0,0,0,0,0,0,0,0,0,0,0,0,0,0,0,0,0,0,0,0,0,0,0,0,0,0,0,0,0,0,0,0,0,0,0,0,0,0,0,0,0,0,0,0,0,0,0,0
item,brloot_offhand_thermite,,0,0,0,0,0,0,0,0,0,0,0,0,0,0,0,0,0,0,0,0,0,0,0,0,0,0,0,0,0,0,0,0,0,0,0,0,0,0,0,0,0,0,0,0,0,0,0,0,0
item,brloot_offhand_throwingknife,,0,0,0,0,0,0,0,0,0,0,0,0,0,0,0,0,0,0,0,0,0,0,0,0,0,0,0,0,0,0,0,0,0,0,0,0,0,0,0,0,0,0,0,0,0,0,0,0,0
item,brloot_offhand_bunkerbuster,,0,0,0,0,0,0,0,0,0,0,0,0,0,0,0,0,0,0,0,0,0,0,0,0,0,0,0,0,0,0,0,0,0,0,0,0,0,0,0,0,0,0,0,0,0,0,0,0,0
item,brloot_offhand_breacherdrone,,0,0,0,0,0,0,0,0,0,0,0,0,0,0,0,0,0,0,0,0,0,0,0,0,0,0,0,0,0,0,0,0,0,0,0,0,0,0,0,0,0,0,0,0,0,0,0,0,0
item,brloot_offhand_thermobaric,,0,0,0,0,0,0,0,0,0,0,0,0,0,0,0,0,0,0,0,0,0,0,0,0,0,0,0,0,0,0,0,0,0,0,0,0,0,0,0,0,0,0,0,0,0,0,0,0,0
item,brloot_mutation_give_gas_cloud,,1,1,0,1,0,0,0,0,0,0,0,0,1,1,0,0,0,0,0,1,1,1,0,0,0,0,0,0,0,0,0,0,0,0,0,0,0,0,0,0,1,1,1,0,0,0,0,0,0
item,brloot_mutation_give_sludge_sling,,1,1,0,1,0,0,0,0,0,0,0,0,1,1,0,0,0,0,0,1,1,1,0,0,0,0,0,0,0,0,0,0,0,0,0,0,0,0,0,0,1,1,1,0,0,0,0,0,0
item,brloot_offhand_concussion,,0,0,0,0,0,0,0,0,0,0,0,0,0,0,0,0,0,0,0,0,0,0,0,0,0,0,0,0,0,0,0,0,0,0,0,0,0,0,0,0,0,0,0,0,0,0,0,0,0
item,brloot_offhand_decoy,,0,0,0,0,0,0,0,0,0,0,0,0,0,0,0,0,0,0,0,0,0,0,0,0,0,0,0,0,0,0,0,0,0,0,0,0,0,0,0,0,0,0,0,0,0,0,0,0,0
item,brloot_offhand_flash,,0,0,0,0,0,0,0,0,0,0,0,0,0,0,0,0,0,0,0,0,0,0,0,0,0,0,0,0,0,0,0,0,0,0,0,0,0,0,0,0,0,0,0,0,0,0,0,0,0
item,brloot_offhand_gas,,0,0,0,0,0,0,0,0,0,0,0,0,0,0,0,0,0,0,0,0,0,0,0,0,0,0,0,0,0,0,0,0,0,0,0,0,0,0,0,0,0,0,0,0,0,0,0,0,0
item,brloot_offhand_smoke,,0,0,0,0,0,0,0,0,0,0,0,0,0,0,0,0,0,0,0,0,0,0,0,0,0,0,0,0,0,0,0,0,0,0,0,0,0,0,0,0,0,0,0,0,0,0,0,0,0
item,brloot_offhand_snapshot,,0,0,0,0,0,0,0,0,0,0,0,0,0,0,0,0,0,0,0,0,0,0,0,0,0,0,0,0,0,0,0,0,0,0,0,0,0,0,0,0,0,0,0,0,0,0,0,0,0
item,brloot_offhand_shockstick,,0,0,0,0,0,0,0,0,0,0,0,0,0,0,0,0,0,0,0,0,0,0,0,0,0,0,0,0,0,0,0,0,0,0,0,0,0,0,0,0,0,0,0,0,0,0,0,0,0
item,brloot_offhand_tracker,,0,0,0,0,0,0,0,0,0,0,0,0,0,0,0,0,0,0,0,0,0,0,0,0,0,0,0,0,0,0,0,0,0,0,0,0,0,0,0,0,0,0,0,0,0,0,0,0,0
item,brloot_offhand_butterfly_mine,,0,0,0,0,0,0,0,0,0,0,0,0,0,0,0,0,0,0,0,0,0,0,0,0,0,0,0,0,0,0,0,0,0,0,0,0,0,0,0,0,0,0,0,0,0,0,0,0,0
item,brloot_health_adrenaline,,0,0,0,0,0,0,0,0,0,0,0,0,0,0,0,0,0,0,0,0,0,0,0,0,0,0,0,0,0,0,0,0,0,0,0,0,0,0,0,0,0,0,0,0,0,0,0,0,0
item,brloot_mutation_give_shadow_skin,,1,1,0,1,0,0,0,0,0,0,0,0,1,1,0,0,0,0,0,1,1,1,0,0,0,0,0,0,0,0,0,0,0,0,0,0,0,0,0,0,1,1,1,0,0,0,0,0,0
item,brloot_mutation_give_shield,,1,1,0,1,0,0,0,0,0,0,0,0,1,1,0,0,0,0,0,1,1,1,0,0,0,0,0,0,0,0,0,0,0,0,0,0,0,0,0,0,1,1,1,0,0,0,0,0,0
item,brloot_mutation_give_vision,,1,1,0,1,0,0,0,0,0,0,0,0,1,1,0,0,0,0,0,1,1,1,0,0,0,0,0,0,0,0,0,0,0,0,0,0,0,0,0,0,1,1,1,0,0,0,0,0,0
item,brloot_offhand_taccover,,0,0,0,0,0,0,0,0,0,0,0,0,0,0,0,0,0,0,0,0,0,0,0,0,0,0,0,0,0,0,0,0,0,0,0,0,0,0,0,0,0,0,0,0,0,0,0,0,0
item,brloot_offhand_trophysystem,,0,0,0,0,0,0,0,0,0,0,0,0,0,0,0,0,0,0,0,0,0,0,0,0,0,0,0,0,0,0,0,0,0,0,0,0,0,0,0,0,0,0,0,0,0,0,0,0,0
item,brloot_killstreak_recondrone,,0,0,0,0,0,0,0,0,0,0,0,0,0,0,0,0,0,0,0,0,0,0,0,0,0,0,0,0,0,0,0,0,0,0,0,0,0,0,0,0,0,0,0,0,0,0,0,0,0
item,brloot_super_munitionsbox,,0,0,0,0,0,0,0,0,0,0,0,0,0,0,0,0,0,0,0,0,0,0,0,0,0,0,0,0,0,0,0,0,0,0,0,0,0,0,0,0,0,0,0,0,0,0,0,0,0
item,brloot_super_armorbox,,0,0,0,0,0,0,0,0,0,0,0,0,0,0,0,0,0,0,0,0,0,0,0,0,0,0,0,0,0,0,0,0,0,0,0,0,0,0,0,0,0,0,0,0,0,0,0,0,0
item,brloot_super_heartbeatsensor,,0,0,0,0,0,0,0,0,0,0,0,0,0,0,0,0,0,0,0,0,0,0,0,0,0,0,0,0,0,0,0,0,0,0,0,0,0,0,0,0,0,0,0,0,0,0,0,0,0
item,brloot_super_emppulse,,0,0,0,0,0,0,0,0,0,0,0,0,0,0,0,0,0,0,0,0,0,0,0,0,0,0,0,0,0,0,0,0,0,0,0,0,0,0,0,0,0,0,0,0,0,0,0,0,0
item,brloot_super_tacticalcamera,,0,0,0,0,0,0,0,0,0,0,0,0,0,0,0,0,0,0,0,0,0,0,0,0,0,0,0,0,0,0,0,0,0,0,0,0,0,0,0,0,0,0,0,0,0,0,0,0,0
item,brloot_offhand_deployed_decoy,,0,0,0,0,0,0,0,0,0,0,0,0,0,0,0,0,0,0,0,0,0,0,0,0,0,0,0,0,0,0,0,0,0,0,0,0,0,0,0,0,0,0,0,0,0,0,0,0,0
item,brloot_super_soundveil,,0,0,0,0,0,0,0,0,0,0,0,0,0,0,0,0,0,0,0,0,0,0,0,0,0,0,0,0,0,0,0,0,0,0,0,0,0,0,0,0,0,0,0,0,0,0,0,0,0
item,brloot_super_sonarpulse,,0,0,0,0,0,0,0,0,0,0,0,0,0,0,0,0,0,0,0,0,0,0,0,0,0,0,0,0,0,0,0,0,0,0,0,0,0,0,0,0,0,0,0,0,0,0,0,0,0
item,brloot_super_personal_redeploy_drone,,0,0,0,0,0,0,0,0,0,0,0,0,0,0,0,0,0,0,0,0,0,0,0,0,0,0,0,0,0,0,0,0,0,0,0,0,0,0,0,0,0,0,0,0,0,0,0,0,0
item,brloot_offhand_deconstation,,0,0,0,0,0,0,0,0,0,0,0,0,0,0,0,0,0,0,0,0,0,0,0,0,0,0,0,0,0,0,0,0,0,0,0,0,0,0,0,0,0,0,0,0,0,0,0,0,0
item,brloot_super_deployablekiosk,,0,0,0,0,0,0,0,0,0,0,0,0,0,0,0,0,0,0,0,0,0,0,0,0,0,0,0,0,0,0,0,0,0,0,0,0,0,0,0,0,0,0,0,0,0,0,0,0,0
item,brloot_super_reinforcement_flare,,0,0,0,0,0,0,0,0,0,0,0,0,0,0,0,0,0,0,0,0,0,0,0,0,0,0,0,0,0,0,0,0,0,0,0,0,0,0,0,0,0,0,0,0,0,0,0,0,0
item,brloot_super_utilitybox,,0,0,0,0,0,0,0,0,0,0,0,0,0,0,0,0,0,0,0,0,0,0,0,0,0,0,0,0,0,0,0,0,0,0,0,0,0,0,0,0,0,0,0,0,0,0,0,0,0
item,brloot_offhand_advancedsupplydrop,,0,0,0,0,0,0,0,0,0,0,0,0,0,0,0,0,0,0,0,0,0,0,0,0,0,0,0,0,0,0,0,0,0,0,0,0,0,0,0,0,0,0,0,0,0,0,0,0,0
item,brloot_balloon_extract,,0,0,0,0,0,0,0,0,0,0,0,0,0,0,0,0,0,0,0,0,0,0,0,0,0,0,0,0,0,0,0,0,0,0,0,0,0,0,0,0,0,0,0,0,0,0,0,0,0
item,brloot_plunder_extract,,0,0,0,0,0,0,0,0,0,0,0,0,0,0,0,0,0,0,0,0,0,0,0,0,0,0,0,0,0,0,0,0,0,0,0,0,0,0,0,0,0,0,0,0,0,0,0,0,0
item,brloot_mutation_give_density_dive,,1,1,0,1,0,0,0,0,0,0,0,0,1,1,0,0,0,0,0,1,1,1,0,0,0,0,0,0,0,0,0,0,0,0,0,0,0,0,0,0,1,1,1,0,0,0,0,0,0
item,brloot_mutation_give_jump,,1,1,0,1,0,0,0,0,0,0,0,0,1,1,0,0,0,0,0,1,1,1,0,0,0,0,0,0,0,0,0,0,0,0,0,0,0,0,0,0,1,1,1,0,0,0,0,0,0
rarity,0_weapon,,545,0,0,0,0,0,390,390,0,0,0,0,0,0,0,0,0,0,0,0,0,0,0,0,500,500,500,500,500,450,500,500,500,500,450,450,500,0,545,0,0,0,0,0,545,0,545,545,0
rarity,1_weapon,,275,0,450,0,0,0,350,350,0,0,0,0,0,0,0,0,0,220,55,450,450,0,450,0,300,300,300,300,300,325,300,300,300,300,325,325,300,0,275,55,20,0,0,0,275,0,275,275,20
rarity,2_weapon,,180,625,350,0,0,0,260,260,0,0,625,0,0,0,0,0,0,200,45,350,350,0,350,0,200,200,200,200,200,225,200,200,200,200,225,225,200,0,180,45,30,0,625,0,180,550,180,180,30
rarity,3_weapon,,0,250,125,0,700,700,0,0,0,0,250,0,0,0,700,700,700,150,0,125,125,700,125,0,0,0,0,0,0,0,0,0,0,0,0,0,0,0,0,0,10,100,250,0,0,300,0,0,10
rarity,4_weapon,,0,125,75,850,300,300,0,0,0,0,125,850,0,0,300,300,300,80,0,75,75,300,75,0,0,0,0,0,0,0,0,0,0,0,0,0,0,0,0,0,10,100,125,0,1,150,1,0,10
rarity,weapon&ultra,,0,0,0,150,0,0,0,0,0,0,0,150,0,0,0,0,0,0,0,0,0,0,0,0,0,0,0,0,0,0,0,0,0,0,0,0,0,0,0,0,0,0,0,0,1,0,0,0,0
item,brloot_armor_plate,,1,1,1,1,1,1,1,1,0,0,1,1,1,1,0,1,1,1,1,1,1,1,1,0,1,1,1,1,1,1,1,1,1,1,1,1,1,0,1,1,1,1,1,0,1,1,1,1,1
item,brloot_plunder_cash_common_1,,875,875,875,0,0,0,875,875,0,0,875,0,0,0,0,0,0,0,0,875,875,0,8,0,0,0,0,0,0,0,0,0,0,0,0,0,0,0,0,0,0,0,875,375,875,0,875,875,0
item,brloot_plunder_cash_uncommon_1,,100,100,100,500,500,0,100,100,1,500,100,500,0,0,0,500,500,600,20,100,100,500,20,0,500,500,500,500,500,500,500,500,500,500,500,500,500,0,500,20,500,500,100,420,100,700,100,100,500
item,brloot_plunder_cash_uncommon_2,,25,25,25,320,320,500,25,25,0,320,25,320,0,0,0,320,320,300,12,25,25,320,12,0,320,320,320,320,320,320,320,320,320,320,320,320,320,0,320,12,320,320,25,150,25,200,25,25,320
item,brloot_plunder_cash_uncommon_3,,0,0,0,130,130,200,0,0,0,130,0,130,0,0,0,130,130,75,8,0,0,130,8,0,130,130,130,130,130,130,130,130,130,130,130,130,130,0,130,8,130,130,0,50,0,75,0,0,130
item,brloot_plunder_cash_rare_1,,0,0,0,50,50,150,0,0,0,50,0,50,0,0,0,50,50,25,0,0,0,50,0,0,50,50,50,50,50,50,50,50,50,50,50,50,50,0,50,0,50,50,0,5,0,25,0,0,50
item,brloot_plunder_cash_rare_2,,0,0,0,0,0,100,0,0,1,0,0,0,0,0,0,0,0,0,0,0,0,0,0,0,0,0,0,0,0,0,0,0,0,0,0,0,0,0,0,0,0,0,0,0,0,0,0,0,0
item,brloot_plunder_cash_epic_1,,0,0,0,0,0,49,0,0,0,0,0,0,0,0,0,0,0,0,0,0,0,0,0,0,0,0,0,0,0,0,0,0,0,0,0,0,0,0,0,0,0,0,0,0,0,0,0,0,0
item,brloot_plunder_cash_epic_2,,0,0,0,0,0,1,0,0,0,0,0,0,0,0,0,0,0,0,0,0,0,0,0,0,0,0,0,0,0,0,0,0,0,0,0,0,0,0,0,0,0,0,0,0,0,0,0,0,0
item,brloot_plunder_cash_legendary_1,,0,0,0,0,0,0,0,0,0,0,0,0,0,0,0,0,0,0,0,0,0,0,0,0,0,0,0,0,0,0,0,0,0,0,0,0,0,0,0,0,0,0,0,0,0,0,0,0,0
item,brloot_killstreak_assaultdrone,,0,125,125,125,125,125,0,0,0,0,125,125,0,0,125,125,125,125,0,125,125,125,0,0,125,125,125,125,125,125,125,125,125,125,125,125,125,0,125,0,125,125,125,0,0,125,0,125,125
item,brloot_killstreak_uav,,0,0,0,0,0,0,0,0,0,0,0,0,0,0,0,0,0,0,0,0,0,0,0,0,0,0,0,0,0,0,0,0,0,0,0,0,0,0,0,0,0,0,0,0,0,0,0,0,0
item,brloot_killstreak_uav_bigmap,,0,100,100,100,100,100,0,0,0,0,100,100,0,0,100,100,100,100,15,100,100,100,15,0,100,100,100,100,100,100,100,100,100,100,100,100,100,0,100,15,100,100,100,0,0,100,0,100,100
item,brloot_killstreak_clusterstrike,,0,125,125,125,125,125,0,0,0,0,125,125,0,0,125,125,125,125,25,125,125,125,25,0,125,125,125,125,125,125,125,125,125,125,125,125,125,0,125,25,125,125,125,0,0,125,0,125,125
item,brloot_killstreak_precision_airstrike,,0,115,115,115,115,115,0,0,0,0,115,115,0,0,115,115,115,115,25,115,115,115,25,0,115,115,115,115,115,115,115,115,115,115,115,115,115,0,115,25,115,115,115,0,0,115,0,115,115
item,brloot_killstreak_cluster_spike,,0,110,110,110,110,110,0,0,0,0,110,110,0,0,110,110,110,110,0,110,110,110,0,0,110,110,110,110,110,110,110,110,110,110,110,110,110,0,110,0,110,110,110,0,0,110,0,110,110
item,brloot_killstreak_scramblerdrone,,0,100,100,100,100,100,0,0,0,0,100,100,0,0,100,100,100,100,0,100,100,100,15,0,100,100,100,100,100,100,100,100,100,100,100,100,100,0,100,0,100,100,100,0,0,100,0,100,100
item,brloot_killstreak_supply_sweep,,0,100,100,100,100,100,0,0,0,0,100,100,0,0,100,100,100,100,0,100,100,100,0,0,100,100,100,100,100,100,100,100,100,100,100,100,100,0,100,0,100,100,100,0,0,100,0,100,100
item,brloot_munition_jup_switchblade_drone,,0,100,100,100,100,100,0,0,0,0,100,100,0,0,100,100,100,100,0,100,100,100,0,0,100,100,100,100,100,100,100,100,100,100,100,100,100,0,100,0,100,100,100,0,0,100,0,100,100
item,brloot_munition_jup_lrad,,1,100,100,100,100,100,0,0,0,0,100,100,0,0,100,100,100,100,0,100,100,100,0,0,100,100,100,100,100,100,100,100,100,100,100,100,100,0,100,0,100,100,100,0,1,100,0,100,100
item,brloot_killstreak_auav,,0,0,0,0,0,0,0,0,0,0,0,0,0,0,0,0,0,0,0,0,0,0,0,0,0,0,0,0,0,0,0,0,0,0,0,0,0,0,0,0,0,0,0,0,0,0,0,0,0
item,brloot_killstreak_bunker_buster,,0,125,125,125,125,125,0,0,0,0,125,125,0,0,125,125,125,125,25,125,125,125,25,0,125,125,125,125,125,125,125,125,125,125,125,125,125,0,125,25,125,125,125,0,0,125,0,125,125
item,brloot_killstreak_circle_peek,,0,0,0,0,0,0,0,0,0,0,0,0,0,0,0,0,0,0,0,0,0,0,0,0,0,0,0,0,0,0,0,0,0,0,0,0,0,0,0,0,0,0,0,0,0,1,0,0,0
item,brloot_assassination_laptop,,300,0,0,0,0,0,0,0,0,0,0,0,0,0,0,0,0,0,0,0,0,0,0,0,300,300,300,300,300,300,300,300,300,300,300,300,300,0,300,0,0,0,0,0,0,0,0,300,0
item,brloot_master_assassination_laptop,,300,0,0,0,0,0,0,0,0,0,0,0,0,0,0,0,0,0,0,0,0,0,0,0,200,200,200,200,200,200,200,200,200,200,200,200,200,0,200,0,0,0,0,0,0,0,0,300,0
item,brloot_vip_laptop,,200,0,0,0,0,0,0,0,0,0,0,0,0,0,0,0,0,0,0,0,0,0,0,0,200,200,200,200,200,200,200,200,200,200,200,200,200,0,200,0,0,0,0,0,0,0,0,200,0
item,brloot_intel_laptop,,250,0,0,0,0,0,0,0,0,0,0,0,0,0,0,0,0,0,0,0,0,0,0,0,250,250,250,250,250,250,250,250,250,250,250,250,250,0,250,0,0,0,0,0,0,0,0,250,0
item,brloot_safecracker_laptop,,0,0,0,0,0,0,0,0,0,0,0,0,0,0,0,0,0,0,0,0,0,0,0,0,0,0,0,0,0,0,0,0,0,0,0,0,0,0,0,0,0,0,0,0,0,0,0,0,0
item,brloot_scavenger_laptop,,350,0,0,0,0,0,0,0,0,0,0,0,0,0,0,0,0,0,0,0,0,0,0,0,500,500,500,500,500,500,500,500,500,500,500,500,500,0,500,0,0,0,0,0,0,0,0,350,0
item,brloot_stronghold_infil_laptop,,0,0,0,0,0,0,0,0,0,0,0,0,0,0,0,0,0,0,0,0,0,0,0,0,0,0,0,0,0,0,0,0,0,0,0,0,0,0,0,0,0,0,0,0,0,0,0,0,0
item,brloot_elite_arrow_laptop,,0,0,0,0,0,0,0,0,0,0,0,0,0,0,0,0,0,0,0,0,0,0,0,0,0,0,0,0,0,0,0,0,0,0,0,0,0,0,0,0,0,0,0,0,0,0,0,0,0
item,brloot_elite_chopper_laptop,,0,0,0,0,0,0,0,0,0,0,0,0,0,0,0,0,0,0,0,0,0,0,0,0,0,0,0,0,0,0,0,0,0,0,0,0,0,0,0,0,0,0,0,0,0,0,0,0,0
item,brloot_elite_geiger_laptop,,0,0,0,0,0,0,0,0,0,0,0,0,0,0,0,0,0,0,0,0,0,0,0,0,0,0,0,0,0,0,0,0,0,0,0,0,0,0,0,0,0,0,0,0,0,0,0,0,0
item,brloot_spy_drones_laptop,,250,0,0,0,0,0,0,0,0,0,0,0,0,0,0,0,0,0,0,0,0,0,0,0,250,250,250,250,250,250,250,250,250,250,250,250,250,0,250,0,0,0,0,0,0,0,0,250,0
rarity,0_noDrop,,0,0,0,0,0,0,0,0,0,0,0,0,0,0,0,0,0,0,0,0,0,0,0,0,0,0,0,0,0,0,0,0,0,0,0,0,0,0,0,0,0,0,0,0,0,0,0,0,0
rarity,1_noDrop,,0,0,0,0,0,0,0,0,0,0,0,0,0,0,0,0,0,0,0,0,0,0,0,0,0,0,0,0,0,0,0,0,0,0,0,0,0,0,0,0,0,0,0,0,0,0,0,0,0
rarity,2_noDrop,,0,0,0,0,0,0,0,0,0,0,0,0,0,0,0,0,0,0,0,0,0,0,0,0,0,0,0,0,0,0,0,0,0,0,0,0,0,0,0,0,0,0,0,0,0,0,0,0,0
rarity,3_noDrop,,0,0,0,0,0,0,0,0,0,0,0,0,0,0,0,0,0,0,0,0,0,0,0,0,0,0,0,0,0,0,0,0,0,0,0,0,0,0,0,0,0,0,0,0,0,0,0,0,0
rarity,4_noDrop,,0,0,0,0,0,0,0,0,0,0,0,0,0,0,0,0,0,0,0,0,0,0,0,0,0,0,0,0,0,0,0,0,0,0,0,0,0,0,0,0,0,0,0,0,0,0,0,0,0
item,brloot_plate_carrier_3_medic,,0,318,318,318,318,318,318,318,0,0,318,318,1,1,0,318,318,318,318,318,318,318,318,0,0,0,0,0,0,0,0,0,0,0,0,0,0,0,0,318,318,318,318,318,318,318,318,318,318
item,brloot_plate_carrier_3_comms,,0,248,248,248,248,248,248,248,0,0,248,248,0,0,0,248,248,248,248,248,248,248,248,0,0,0,0,0,0,0,0,0,0,0,0,0,0,0,0,248,248,248,248,248,248,248,248,248,248
item,brloot_plate_carrier_3_stealth,,0,93,93,93,93,93,93,93,0,0,93,93,0,0,0,93,93,93,93,93,93,93,93,0,0,0,0,0,0,0,0,0,0,0,0,0,0,0,0,93,93,93,93,93,93,93,93,93,93
item,brloot_plate_carrier_tempered,,0,93,93,93,93,93,93,93,0,0,93,93,0,0,0,93,93,93,93,93,93,93,93,0,0,0,0,0,0,0,0,0,0,0,0,0,0,0,0,93,93,93,93,93,93,93,93,93,93
item,brloot_perkpack_airman_jup,,0,93,0,93,93,93,93,93,0,0,93,93,93,93,93,93,93,93,93,93,93,93,93,0,93,93,93,93,93,93,93,93,93,93,93,93,93,0,93,0,93,93,93,0,0,93,93,93,93
item,brloot_perkpack_backer_jup,,0,93,0,93,93,93,93,93,0,0,93,93,93,93,93,93,93,93,93,93,93,93,93,0,93,93,93,93,93,93,93,93,93,93,93,93,93,0,93,0,93,93,93,0,0,93,93,93,93
item,brloot_perkpack_commander_jup,,0,25,0,25,25,25,25,25,0,0,25,25,25,25,25,25,25,25,25,25,25,25,25,0,25,25,25,25,25,25,25,25,25,25,25,25,25,0,25,0,25,25,25,0,0,25,25,25,25
item,brloot_perkpack_corporal_jup,,0,130,0,130,130,130,130,130,0,0,130,130,130,130,130,130,130,130,130,130,130,130,130,0,130,130,130,130,130,130,130,130,130,130,130,130,130,0,130,0,130,130,130,0,0,130,130,130,130
item,brloot_perkpack_deputy_jup,,0,50,0,50,50,50,50,50,0,0,50,50,50,50,50,50,50,50,50,50,50,50,50,0,50,50,50,50,50,50,50,50,50,50,50,50,50,0,50,0,50,50,50,0,0,50,50,50,50
item,brloot_perkpack_driller_jup,,0,130,0,130,130,130,130,130,0,0,130,130,130,130,130,130,130,130,130,130,130,130,130,0,130,130,130,130,130,130,130,130,130,130,130,130,130,0,130,0,130,130,130,0,0,130,130,130,130
item,brloot_perkpack_huntsman_jup,,0,25,0,25,25,25,25,25,0,0,25,25,25,25,25,25,25,25,25,25,25,25,25,0,25,25,25,25,25,25,25,25,25,25,25,25,25,0,25,0,25,25,25,0,0,25,25,25,25
item,brloot_perkpack_legionnaire_jup,,0,130,0,130,130,130,130,130,0,0,130,130,130,130,130,130,130,130,130,130,130,130,130,0,130,130,130,130,130,130,130,130,130,130,130,130,130,0,130,0,130,130,130,0,0,130,130,130,130
item,brloot_perkpack_marauder_jup,,0,94,0,94,94,94,94,94,0,0,94,94,94,94,94,94,94,94,94,94,94,94,94,0,94,94,94,94,94,94,94,94,94,94,94,94,94,0,94,0,94,94,94,0,0,94,94,94,94
item,brloot_perkpack_resistor_jup,,0,50,0,50,50,50,50,50,0,0,50,50,50,50,50,50,50,50,50,50,50,50,50,0,50,50,50,50,50,50,50,50,50,50,50,50,50,0,50,0,50,50,50,0,0,50,50,50,50
item,brloot_perkpack_stuntman_jup,,0,130,0,130,130,130,130,130,0,0,130,130,130,130,130,130,130,130,130,130,130,130,130,0,130,130,130,130,130,130,130,130,130,130,130,130,130,0,130,0,130,130,130,0,0,130,130,130,130
item,brloot_perkpack_technician_jup,,0,50,0,50,50,50,50,50,0,0,50,50,50,50,50,50,50,50,50,50,50,50,50,0,50,50,50,50,50,50,50,50,50,50,50,50,50,0,50,0,50,50,50,0,0,50,50,50,50
item,brloot_perkpack_specialist_jup,,0,0,0,0,0,0,0,0,0,0,0,0,0,0,0,0,0,0,0,0,0,0,0,0,0,0,0,0,0,0,0,0,0,0,0,0,0,0,0,0,0,0,0,0,0,1,0,0,0
item,loot_multi_key_fortress,,0,1,0,1,0,0,0,0,0,0,1,0,0,0,0,0,0,0,0,1,1,1,0,0,0,0,0,0,0,0,0,0,0,0,0,0,0,0,0,0,1,1,1,0,0,1,0,0,1
pointFlagFilter,loot_spawn_large,0,large|medium|small,,,,,,,,,,,,,,,,,,,,,,,,,,,,,,,,,,,,,,,,,,,,,,,,
pointFlagFilter,loot_spawn_medium,0,medium|small,,,,,,,,,,,,,,,,,,,,,,,,,,,,,,,,,,,,,,,,,,,,,,,,
pointFlagFilter,loot_spawn_small,0,small,,,,,,,,,,,,,,,,,,,,,,,,,,,,,,,,,,,,,,,,,,,,,,,,
item,brloot_redeploy_token,,0,0,0,0,0,0,0,0,0,0,0,0,0,0,0,0,1,0,0,0,0,0,0,0,0,0,0,0,0,0,0,0,0,0,0,0,0,0,0,0,0,10,0,0,0,0,0,0,0
item,brloot_gulag_token,,0,1,0,1,700,700,0,0,0,0,1,10,0,0,0,700,700,0,0,1,1,700,0,0,0,0,0,0,0,0,0,0,0,0,0,0,0,0,0,0,1,90,700,0,0,700,0,0,700
item,brloot_access_card_bunker,,0,1,0,1,0,0,0,0,0,0,1,0,0,0,0,0,0,0,1,1,1,1,1,0,0,0,0,0,0,0,0,0,0,0,0,0,0,0,0,0,1,1,1,0,0,0,0,0,1
