14763,jup_sb_ch_prestige_s1_throwing_knife_kills,CHALLENGE/SB_CH_PRESTIGE_S1_THROWING_KNIFE_KILLS,CHALLENGE/SB_CH_PRESTIGE_S1_THROWING_KNIFE_KILLS_DESC,,10|25|50,||44365,500|1000|2000,1,1,,,,1000,,,0,211
14764,jup_sb_ch_prestige_s1_smg_hipfire,CHALLENGE/SB_CH_PRESTIGE_S1_SMG_HIPFIRE,CHALLENGE/SB_CH_PRESTIGE_S1_SMG_HIPFIRE_DESC,,10|25|50,||44366,500|1000|2000,1,2,,,,1000,,,0,211
15742,jup_sb_ch_prestige_s1_assault_rifle_kills,CHALLENGE/SB_CH_PRESTIGE_S1_ASSAULT_RIFLE_KILLS,CHALLENGE/SB_CH_PRESTIGE_S1_ASSAULT_RIFLE_KILLS_DESC,,50|100|250,||44367,500|1000|2000,1,3,,,,1000,,,0,211
14776,jup_sb_ch_prestige_s1_switchblade_drone_kills,CHALLENGE/SB_CH_PRESTIGE_S1_SWITCHBLADE_DRONE_KILLS,CHALLENGE/SB_CH_PRESTIGE_S1_SWITCHBLADE_DRONE_KILLS_DESC,,5|10|20,||44368,500|1000|2000,1,4,,,,1000,,,0,211
14778,jup_sb_ch_prestige_s1_alternate_ammo_kills,CHALLENGE/SB_CH_PRESTIGE_S1_ALTERNATE_AMMO_KILLS,CHALLENGE/SB_CH_PRESTIGE_S1_ALTERNATE_AMMO_KILLS_DESC,,50|100|250,||44369,500|1000|2000,2,1,,,,1000,,,0,211
14795,jup_sb_ch_prestige_s1_butterfly_mine_hits,CHALLENGE/SB_CH_PRESTIGE_S1_BUTTERFLY_MINE_HITS,CHALLENGE/SB_CH_PRESTIGE_S1_BUTTERFLY_MINE_HITS_DESC,,10|25|50,||44370,500|1000|2000,2,2,,,,1000,,,0,211
14796,jup_sb_ch_prestige_s1_tactical_stance_headshots,CHALLENGE/SB_CH_PRESTIGE_S1_TACTICAL_STANCE_HEADSHOTS,CHALLENGE/SB_CH_PRESTIGE_S1_TACTICAL_STANCE_HEADSHOTS_DESC,,10|25|50,||44371,500|1000|2000,2,3,,,,1000,,,0,211
14797,jup_sb_ch_prestige_s1_killstreaks_destroyed,CHALLENGE/SB_CH_PRESTIGE_S1_KILLSTREAKS_DESTROYED,CHALLENGE/SB_CH_PRESTIGE_S1_KILLSTREAKS_DESTROYED_DESC,,3|5|10,||44372,500|1000|2000,2,4,,,,1000,,,0,211
27471,jup_sb_ch_prestige_s1_smg_tac_stance_kills,CHALLENGE/SB_CH_PRESTIGE_S1_CAPTURE_BOT_SECURES,CHALLENGE/SB_CH_PRESTIGE_S1_CAPTURE_BOT_SECURES_DESC,,50|100|250,||44373,500|1000|2000,3,1,,,,1000,,,0,211
16566,jup_sb_ch_prestige_s1_pistol_hipfire_kills,CHALLENGE/SB_CH_PRESTIGE_S1_PISTOL_HIPFIRE_KILLS,CHALLENGE/SB_CH_PRESTIGE_S1_PISTOL_HIPFIRE_KILLS_DESC,,50|100|250,||44374,500|1000|2000,3,2,,,,1000,,,0,211
14800,jup_sb_ch_prestige_s1_breacher_drone_kills,CHALLENGE/SB_CH_PRESTIGE_S1_BREACHER_DRONE_KILLS,CHALLENGE/SB_CH_PRESTIGE_S1_BREACHER_DRONE_KILLS_DESC,,3|5|10,||44375,500|1000|2000,3,3,,,,1000,,,0,211
14808,jup_sb_ch_prestige_s1_shotgun_hipfire_kills,CHALLENGE/SB_CH_PRESTIGE_S1_SHOTGUN_HIPFIRE_KILLS,CHALLENGE/SB_CH_PRESTIGE_S1_SHOTGUN_HIPFIRE_KILLS_DESC,,25|50|100,||44376,500|1000|2000,3,4,,,,1000,,,0,211
14802,jup_sb_ch_prestige_s1_5_kill_streak,CHALLENGE/SB_CH_PRESTIGE_S1_5_KILL_STREAK,CHALLENGE/SB_CH_PRESTIGE_S1_5_KILL_STREAK_DESC,,3|5|10,||44377,500|1000|2000,4,1,,,,1000,,,0,211
16568,jup_sb_ch_prestige_s1_first_blood_kills,CHALLENGE/SB_CH_PRESTIGE_S1_FIRST_BLOOD_KILLS,CHALLENGE/SB_CH_PRESTIGE_S1_FIRST_BLOOD_KILLS_DESC,,10|25|50,||44378,500|1000|2000,4,2,,,,1000,,,0,211
14803,jup_sb_ch_prestige_s1_marksman_double_kill,CHALLENGE/SB_CH_PRESTIGE_S1_MARKSMAN_DOUBLE_KILL,CHALLENGE/SB_CH_PRESTIGE_S1_MARKSMAN_DOUBLE_KILL_DESC,,3|5|10,||44379,500|1000|2000,4,3,,,,1000,,,0,211
16100,jup_sb_ch_prestige_s1_aftermarket_parts_kills,CHALLENGE/SB_CH_PRESTIGE_S1_AFTERMARKET_PART_KILLS,CHALLENGE/SB_CH_PRESTIGE_S1_AFTERMARKET_PART_KILLS_DESC,,50|100|250,||44380,500|1000|2000,4,4,,,,1000,,,0,211
14804,jup_sb_ch_prestige_s1_canvas_sneaker_kills,CHALLENGE/SB_CH_PRESTIGE_S1_CANVAS_SNEAKER_KILLS,CHALLENGE/SB_CH_PRESTIGE_S1_CANVAS_SNEAKER_KILLS_DESC,,50|100|250,||44381,500|1000|2000,5,1,,,,1000,,,0,211
14805,jup_sb_ch_prestige_s1_lmg_headshot_kills,CHALLENGE/SB_CH_PRESTIGE_S1_LMG_HEADSHOT_KILLS,CHALLENGE/SB_CH_PRESTIGE_S1_LMG_HEADSHOT_KILLS_DESC,,5|10|25,||44382,500|1000|2000,5,2,,,,1000,,,0,211
14806,jup_sb_ch_prestige_s1_melee_kills,CHALLENGE/SB_CH_PRESTIGE_S1_MELEE_KILLS,CHALLENGE/SB_CH_PRESTIGE_S1_MELEE_KILLS_DESC,,10|25|50,||44383,500|1000|2000,5,3,,,,1000,,,0,211
14807,jup_sb_ch_prestige_s1_killstreak_kills,CHALLENGE/SB_CH_PRESTIGE_S1_KILLSTREAK_KILLS,CHALLENGE/SB_CH_PRESTIGE_S1_KILLSTREAK_KILLS_DESC,,5|10|25,||44384,500|1000|2000,5,4,,,,1000,,,0,211
14835,jup_ch_prestige_s1_mastery_1,CHALLENGE/SB_CH_PRESTIGE_S1_MASTERY_1,CHALLENGE/SB_CH_PRESTIGE_S1_MASTERY_1_DESC,,4,44385,,1,1,14763|14764|14776|15742,,,1000,,,0,211
14836,jup_ch_prestige_s1_mastery_2,CHALLENGE/SB_CH_PRESTIGE_S1_MASTERY_2,CHALLENGE/SB_CH_PRESTIGE_S1_MASTERY_2_DESC,,4,44386,,2,3,14778|14795|14796|14797,,,1000,,,0,211
14838,jup_ch_prestige_s1_mastery_3,CHALLENGE/SB_CH_PRESTIGE_S1_MASTERY_3,CHALLENGE/SB_CH_PRESTIGE_S1_MASTERY_3_DESC,,4,44387,,3,5,27471|14800|14808|16566,,,1000,,,0,211
14839,jup_ch_prestige_s1_mastery_4,CHALLENGE/SB_CH_PRESTIGE_S1_MASTERY_4,CHALLENGE/SB_CH_PRESTIGE_S1_MASTERY_4_DESC,,4,44388,,4,7,14802|14803|16100|16568,,,1000,,,0,211
14843,jup_ch_prestige_s1_mastery_5,CHALLENGE/SB_CH_PRESTIGE_S1_MASTERY_5,CHALLENGE/SB_CH_PRESTIGE_S1_MASTERY_5_DESC,,4,44389,,5,9,14804|14805|14806|14807,,,1000,,,0,211
29349,jup_sb_ch_prestige_s2_p6_0,JUP_CARDS/JUP_CARD_N2917_1,JUP_CHALLENGE/JUP_CARD_N2917_1_SB_CH_DESC,,25|50|100,||52093,500|1000|2000,6,1,,,,2000,,,0,211
29348,jup_sb_ch_prestige_s2_p6_1,JUP_CARDS/JUP_CARD_N2917_2,JUP_CHALLENGE/JUP_CARD_N2917_2_SB_CH_DESC,,25|50|100,||52049,500|1000|2000,6,2,,,,2000,,,0,211
29350,jup_sb_ch_prestige_s2_p6_2,JUP_CARDS/JUP_CARD_N2917_3,JUP_CHALLENGE/JUP_CARD_N2917_3_SB_CH_DESC,,50|100|250,||52050,500|1000|2000,6,3,,,,2000,,,0,211
29351,jup_sb_ch_prestige_s2_p6_3,JUP_CARDS/JUP_CARD_N2917_4,JUP_CHALLENGE/JUP_CARD_N2917_4_SB_CH_DESC,,25|50|100,||52051,500|1000|2000,6,4,,,,2000,,,0,211
29353,jup_sb_ch_prestige_s2_p7_0,JUP_CARDS/JUP_CARD_N2917_5,JUP_CHALLENGE/JUP_CARD_N2917_5_SB_CH_DESC,,50|100|250,||52052,500|1000|2000,7,1,,,,2000,,,0,211
29354,jup_sb_ch_prestige_s2_p7_1,JUP_CARDS/JUP_CARD_N2917_6,JUP_CHALLENGE/JUP_CARD_N2917_6_SB_CH_DESC,,25|50|100,||52053,500|1000|2000,7,2,,,,2000,,,0,211
29355,jup_sb_ch_prestige_s2_p7_2,JUP_CARDS/JUP_CARD_N2917_7,JUP_CHALLENGE/JUP_CARD_N2917_7_SB_CH_DESC,,25|50|100,||52054,500|1000|2000,7,3,,,,2000,,,0,211
29356,jup_sb_ch_prestige_s2_p7_3,JUP_CARDS/JUP_CARD_N2917_8,JUP_CHALLENGE/JUP_CARD_N2917_8_SB_CH_DESC,,25|50|100,||52055,500|1000|2000,7,4,,,,2000,,,0,211
29358,jup_sb_ch_prestige_s2_p8_0,JUP_CARDS/JUP_CARD_N2917_9,JUP_CHALLENGE/JUP_CARD_N2917_9_SB_CH_DESC,,50|100|250,||51666,500|1000|2000,8,1,,,,2000,,,0,211
29359,jup_sb_ch_prestige_s2_p8_1,JUP_CARDS/JUP_CARD_N2917_10,JUP_CHALLENGE/JUP_CARD_N2917_10_SB_CH_DESC,,50|100|250,||51667,500|1000|2000,8,2,,,,2000,,,0,211
29360,jup_sb_ch_prestige_s2_p8_2,JUP_CARDS/JUP_CARD_N2917_11,JUP_CHALLENGE/JUP_CARD_N2917_11_SB_CH_DESC,,10|25|50,||51668,500|1000|2000,8,3,,,,2000,,,0,211
29361,jup_sb_ch_prestige_s2_p8_3,JUP_CARDS/JUP_CARD_N2917_12,JUP_CHALLENGE/JUP_CARD_N2917_12_SB_CH_DESC,,50|100|250,||51669,500|1000|2000,8,4,,,,2000,,,0,211
29363,jup_sb_ch_prestige_s2_p9_0,JUP_CARDS/JUP_CARD_N2917_13,JUP_CHALLENGE/JUP_CARD_N2917_13_SB_CH_DESC,,50|100|250,||51670,500|1000|2000,9,1,,,,2000,,,0,211
29364,jup_sb_ch_prestige_s2_p9_1,JUP_CARDS/JUP_CARD_N2917_14,JUP_CHALLENGE/JUP_CARD_N2917_14_SB_CH_DESC,,50|100|250,||51671,500|1000|2000,9,2,,,,2000,,,0,211
29365,jup_sb_ch_prestige_s2_p9_2,JUP_CARDS/JUP_CARD_N2917_15,JUP_CHALLENGE/JUP_CARD_N2917_15_SB_CH_DESC,,50|100|250,||51672,500|1000|2000,9,3,,,,2000,,,0,211
29366,jup_sb_ch_prestige_s2_p9_3,JUP_CARDS/JUP_CARD_N2917_16,JUP_CHALLENGE/JUP_CARD_N2917_16_SB_CH_DESC,,50|100|250,||51673,500|1000|2000,9,4,,,,2000,,,0,211
29367,jup_ch_prestige_s2_mastery_6,JUP_CHALLENGE/SB_CH_PRESTIGE_S2_MASTERY_6,JUP_CHALLENGE/SB_CH_PRESTIGE_S2_MASTERY_6_DESC,,4,51674,2500,6,11,29349|29348|29350|29351,,,2000,,,0,211
29371,jup_ch_prestige_s2_mastery_7,JUP_CHALLENGE/SB_CH_PRESTIGE_S2_MASTERY_7,JUP_CHALLENGE/SB_CH_PRESTIGE_S2_MASTERY_7_DESC,,4,51675,2500,7,13,29353|29354|29355|29356,,,2000,,,0,211
29372,jup_ch_prestige_s2_mastery_8,JUP_CHALLENGE/SB_CH_PRESTIGE_S2_MASTERY_8,JUP_CHALLENGE/SB_CH_PRESTIGE_S2_MASTERY_8_DESC,,4,51676,2500,8,15,29358|29359|29360|29361,,,2000,,,0,211
29373,jup_ch_prestige_s2_mastery_9,JUP_CHALLENGE/SB_CH_PRESTIGE_S2_MASTERY_9,JUP_CHALLENGE/SB_CH_PRESTIGE_S2_MASTERY_9_DESC,,4,52056,2500,9,17,29363|29364|29365|29366,,,2000,,,0,211
35421,jup_sb_ch_prestige_s3_p10_0,JUP_CARDS/JUP_CARD_N3902_2,JUP_CHALLENGE/JUP_SB_CH_PRESTIGE_S3_P10_0_DESC,,10|25|50,||57156,500|1000|2000,10,1,,,,3000,,,0,211
35422,jup_sb_ch_prestige_s3_p10_1,JUP_CARDS/JUP_CARD_N3902_3,JUP_CHALLENGE/JUP_SB_CH_PRESTIGE_S3_P10_1_DESC,,25|50|100,||57157,500|1000|2000,10,2,,,,3000,,,0,211
35423,jup_sb_ch_prestige_s3_p10_2,JUP_CARDS/JUP_CARD_N3902_4,JUP_CHALLENGE/JUP_SB_CH_PRESTIGE_S3_P10_2_DESC,,10|25|50,||57158,500|1000|2000,10,3,,,,3000,,,0,211
35424,jup_sb_ch_prestige_s3_p10_3,JUP_CARDS/JUP_CARD_N3902_5,JUP_CHALLENGE/JUP_SB_CH_PRESTIGE_S3_P10_3_DESC,,25|50|100,||57159,500|1000|2000,10,4,,,,3000,,,0,211
35425,jup_sb_ch_prestige_s3_p11_0,JUP_CARDS/JUP_CARD_N3902_7,JUP_CHALLENGE/JUP_SB_CH_PRESTIGE_S3_P11_0_DESC,,7|10|25,||57161,500|1000|2000,11,1,,,,3000,,,0,211
35426,jup_sb_ch_prestige_s3_p11_1,JUP_CARDS/JUP_CARD_N3902_8,JUP_CHALLENGE/JUP_SB_CH_PRESTIGE_S3_P11_1_DESC,,10|25|50,||57162,500|1000|2000,11,2,,,,3000,,,0,211
35427,jup_sb_ch_prestige_s3_p11_2,JUP_CARDS/JUP_CARD_N3902_9,JUP_CHALLENGE/JUP_SB_CH_PRESTIGE_S3_P11_2_DESC,,10|25|50,||57163,500|1000|2000,11,3,,,,3000,,,0,211
35428,jup_sb_ch_prestige_s3_p11_3,JUP_CARDS/JUP_CARD_N3902_10,JUP_CHALLENGE/JUP_SB_CH_PRESTIGE_S3_P11_3_DESC,,7|10|25,||57164,500|1000|2000,11,4,,,,3000,,,0,211
35429,jup_sb_ch_prestige_s3_p12_0,JUP_CARDS/JUP_CARD_N3902_12,JUP_CHALLENGE/JUP_SB_CH_PRESTIGE_S3_P12_0_DESC,,10|25|50,||57166,500|1000|2000,12,1,,,,3000,,,0,211
35430,jup_sb_ch_prestige_s3_p12_1,JUP_CARDS/JUP_CARD_N3902_13,JUP_CHALLENGE/JUP_SB_CH_PRESTIGE_S3_P12_1_DESC,,10|25|50,||57167,500|1000|2000,12,2,,,,3000,,,0,211
35431,jup_sb_ch_prestige_s3_p12_2,JUP_CARDS/JUP_CARD_N3902_14,JUP_CHALLENGE/JUP_SB_CH_PRESTIGE_S3_P12_2_DESC,,25|50|100,||57168,500|1000|2000,12,3,,,,3000,,,0,211
35432,jup_sb_ch_prestige_s3_p12_3,JUP_CARDS/JUP_CARD_N2917_12,JUP_CHALLENGE/JUP_SB_CH_PRESTIGE_S3_P12_3_DESC,,7|10|25,||57169,500|1000|2000,12,4,,,,3000,,,0,211
35433,jup_sb_ch_prestige_s3_p13_0,JUP_CARDS/JUP_CARD_N3902_17,JUP_CHALLENGE/JUP_SB_CH_PRESTIGE_S3_P13_0_DESC,,7|10|25,||57171,500|1000|2000,13,1,,,,3000,,,0,211
35434,jup_sb_ch_prestige_s3_p13_1,JUP_CARDS/JUP_CARD_N3902_18,JUP_CHALLENGE/JUP_SB_CH_PRESTIGE_S3_P13_1_DESC,,10|25|50,||57172,500|1000|2000,13,2,,,,3000,,,0,211
35435,jup_sb_ch_prestige_s3_p13_2,JUP_CARDS/JUP_CARD_N3902_19,JUP_CHALLENGE/JUP_SB_CH_PRESTIGE_S3_P13_2_DESC,,3|5|7,||57173,500|1000|2000,13,3,,,,3000,,,0,211
35436,jup_sb_ch_prestige_s3_p13_3,JUP_CARDS/JUP_CARD_N3902_20,JUP_CHALLENGE/JUP_SB_CH_PRESTIGE_S3_P13_3_DESC,,7|10|25,||57174,500|1000|2000,13,4,,,,3000,,,0,211
35437,jup_ch_prestige_s3_mastery_10,JUP_CHALLENGE/SB_CH_PRESTIGE_S3_MASTERY_10,JUP_CHALLENGE/SB_CH_PRESTIGE_S3_MASTERY_10_DESC,,4,57155,2500,10,19,35421|35422|35423|35424,,,3000,,,0,211
35438,jup_ch_prestige_s3_mastery_11,JUP_CHALLENGE/SB_CH_PRESTIGE_S3_MASTERY_11,JUP_CHALLENGE/SB_CH_PRESTIGE_S3_MASTERY_11_DESC,,4,57160,2500,11,21,35425|35426|35427|35428,,,3000,,,0,211
35439,jup_ch_prestige_s3_mastery_12,JUP_CHALLENGE/SB_CH_PRESTIGE_S3_MASTERY_12,JUP_CHALLENGE/SB_CH_PRESTIGE_S3_MASTERY_12_DESC,,4,57165,2500,12,23,35429|35430|35431|35432,,,3000,,,0,211
35440,jup_ch_prestige_s3_mastery_13,JUP_CHALLENGE/SB_CH_PRESTIGE_S2_MASTERY_13,JUP_CHALLENGE/SB_CH_PRESTIGE_S3_MASTERY_13_DESC,,4,57170,2500,13,25,35433|35434|35435|35436,,,3000,,,0,211
39549,jup_sb_ch_prestige_s4_p14_0,JUP_CARDS/JUP_CARD_N4901_2,JUP_CHALLENGE/JUP_SB_CH_PRESTIGE_S4_P14_0_DESC,,7|10|25,||62712,500|1000|2000,14,1,,,,4000,,,0,211
39550,jup_sb_ch_prestige_s4_p14_1,JUP_CARDS/JUP_CARD_N4901_3,JUP_CHALLENGE/JUP_SB_CH_PRESTIGE_S4_P14_1_DESC,,7|10|25,||62711,500|1000|2000,14,2,,,,4000,,,0,211
39551,jup_sb_ch_prestige_s4_p14_2,JUP_CARDS/JUP_CARD_N4901_4,JUP_CHALLENGE/JUP_SB_CH_PRESTIGE_S4_P14_2_DESC,,7|10|25,||62710,500|1000|2000,14,3,,,,4000,,,0,211
39552,jup_sb_ch_prestige_s4_p14_3,JUP_CARDS/JUP_CARD_N4901_5,JUP_CHALLENGE/JUP_SB_CH_PRESTIGE_S4_P14_3_DESC,,7|10|25,||62709,500|1000|2000,14,4,,,,4000,,,0,211
39553,jup_sb_ch_prestige_s4_p15_0,JUP_CARDS/JUP_CARD_N4901_7,JUP_CHALLENGE/JUP_SB_CH_PRESTIGE_S4_P15_0_DESC,,10|25|50,||62707,500|1000|2000,15,1,,,,4000,,,0,211
39554,jup_sb_ch_prestige_s4_p15_1,JUP_CARDS/JUP_CARD_N4901_8,JUP_CHALLENGE/JUP_SB_CH_PRESTIGE_S4_P15_1_DESC,,10|25|50,||62706,500|1000|2000,15,2,,,,4000,,,0,211
39555,jup_sb_ch_prestige_s4_p15_2,JUP_CARDS/JUP_CARD_N4901_9,JUP_CHALLENGE/JUP_SB_CH_PRESTIGE_S4_P15_2_DESC,,10|25|50,||62705,500|1000|2000,15,3,,,,4000,,,0,211
39556,jup_sb_ch_prestige_s4_p15_3,JUP_CARDS/JUP_CARD_N4901_10,JUP_CHALLENGE/JUP_SB_CH_PRESTIGE_S4_P15_3_DESC,,10|25|50,||62704,500|1000|2000,15,4,,,,4000,,,0,211
39557,jup_sb_ch_prestige_s4_p16_0,JUP_CARDS/JUP_CARD_N4901_18,JUP_CHALLENGE/JUP_SB_CH_PRESTIGE_S4_P16_0_DESC,,7|10|25,||62696,500|1000|2000,16,1,,,,4000,,,0,211
39558,jup_sb_ch_prestige_s4_p16_1,JUP_CARDS/JUP_CARD_N4901_13,JUP_CHALLENGE/JUP_SB_CH_PRESTIGE_S4_P16_1_DESC,,3|5|7,||62701,500|1000|2000,16,2,,,,4000,,,0,211
39559,jup_sb_ch_prestige_s4_p16_2,JUP_CARDS/JUP_CARD_N4901_14,JUP_CHALLENGE/JUP_SB_CH_PRESTIGE_S4_P16_2_DESC,,3|5|7,||62700,500|1000|2000,16,3,,,,4000,,,0,211
39560,jup_sb_ch_prestige_s4_p16_3,JUP_CARDS/JUP_CARD_N4901_15,JUP_CHALLENGE/JUP_SB_CH_PRESTIGE_S4_P16_3_DESC,,1,62699,2000,16,4,,,,4000,,,0,211
39561,jup_sb_ch_prestige_s4_p17_0,JUP_CARDS/JUP_CARD_N4901_19,JUP_CHALLENGE/JUP_SB_CH_PRESTIGE_S4_P17_0_DESC,,7|10|25,||62695,500|1000|2000,17,1,,,,4000,,,0,211
39562,jup_sb_ch_prestige_s4_p17_1,JUP_CARDS/JUP_CARD_N4901_17,JUP_CHALLENGE/JUP_SB_CH_PRESTIGE_S4_P17_1_DESC,,7|10|25,||62697,500|1000|2000,17,2,,,,4000,,,0,211
39563,jup_sb_ch_prestige_s4_p17_2,JUP_CARDS/JUP_CARD_N4901_16,JUP_CHALLENGE/JUP_SB_CH_PRESTIGE_S4_P17_2_DESC,,7|10|25,||62698,500|1000|2000,17,3,,,,4000,,,0,211
39564,jup_sb_ch_prestige_s4_p17_3,JUP_CARDS/JUP_CARD_N4901_20,JUP_CHALLENGE/JUP_SB_CH_PRESTIGE_S4_P17_3_DESC,,7|10|25,||62694,500|1000|2000,17,4,,,,4000,,,0,211
39565,jup_ch_prestige_s4_mastery_14,JUP_CHALLENGE/SB_CH_PRESTIGE_S4_MASTERY_14,JUP_CHALLENGE/SB_CH_PRESTIGE_S4_MASTERY_14_DESC,,4,62713,2500,14,27,39549|39550|39551|39552,,,4000,,,0,211
39566,jup_ch_prestige_s4_mastery_15,JUP_CHALLENGE/SB_CH_PRESTIGE_S4_MASTERY_15,JUP_CHALLENGE/SB_CH_PRESTIGE_S4_MASTERY_15_DESC,,4,62708,2500,15,29,39553|39554|39555|39556,,,4000,,,0,211
39567,jup_ch_prestige_s4_mastery_16,JUP_CHALLENGE/SB_CH_PRESTIGE_S4_MASTERY_16,JUP_CHALLENGE/SB_CH_PRESTIGE_S4_MASTERY_16_DESC,,4,62702,2500,16,31,39557|39558|39559|39560,,,4000,,,0,211
39568,jup_ch_prestige_s4_mastery_17,JUP_CHALLENGE/SB_CH_PRESTIGE_S4_MASTERY_17,JUP_CHALLENGE/SB_CH_PRESTIGE_S4_MASTERY_17_DESC,,4,62703,2500,17,33,39561|39562|39563|39564,,,4000,,,0,211
43336,jup_sb_ch_prestige_s5_p18_0,JUP_CARDS/JUP_CARD_N5901_1,JUP_CHALLENGE/JUP_SB_CH_PRESTIGE_S5_P18_0_DESC,,3|5|7,||70104,500|1000|2000,14,1,,,,5000,,,0,211
43337,jup_sb_ch_prestige_s5_p18_1,JUP_CARDS/JUP_CARD_N5901_2,JUP_CHALLENGE/JUP_SB_CH_PRESTIGE_S5_P18_1_DESC,,3|5|7,||70105,500|1000|2000,14,2,,,,5000,,,0,211
43338,jup_sb_ch_prestige_s5_p18_2,JUP_CARDS/JUP_CARD_N5901_4,JUP_CHALLENGE/JUP_SB_CH_PRESTIGE_S5_P18_2_DESC,,3|5|7,||70107,500|1000|2000,14,3,,,,5000,,,0,211
43339,jup_sb_ch_prestige_s5_p18_3,JUP_CARDS/JUP_CARD_N5901_3,JUP_CHALLENGE/JUP_SB_CH_PRESTIGE_S5_P18_3_DESC,,3|5|7,||70106,500|1000|2000,14,4,,,,5000,,,0,211
43340,jup_sb_ch_prestige_s5_p19_0,JUP_CARDS/JUP_CARD_N5901_6,JUP_CHALLENGE/JUP_SB_CH_PRESTIGE_S5_P19_0_DESC,,5|7|10,||70109,500|1000|2000,15,1,,,,5000,,,0,211
43341,jup_sb_ch_prestige_s5_p19_1,JUP_CARDS/JUP_CARD_N5901_9,JUP_CHALLENGE/JUP_SB_CH_PRESTIGE_S5_P19_1_DESC,,5|7|10,||70112,500|1000|2000,15,2,,,,5000,,,0,211
43342,jup_sb_ch_prestige_s5_p19_2,JUP_CARDS/JUP_CARD_N5901_8,JUP_CHALLENGE/JUP_SB_CH_PRESTIGE_S5_P19_2_DESC,,5|7|10,||70111,500|1000|2000,15,3,,,,5000,,,0,211
43343,jup_sb_ch_prestige_s5_p19_3,JUP_CARDS/JUP_CARD_N5901_7,JUP_CHALLENGE/JUP_SB_CH_PRESTIGE_S5_P19_3_DESC,,10|25|50,||70110,500|1000|2000,15,4,,,,5000,,,0,211
43344,jup_sb_ch_prestige_s5_p20_0,JUP_CARDS/JUP_CARD_N5901_11,JUP_CHALLENGE/JUP_SB_CH_PRESTIGE_S5_P20_0_DESC,,7|10|25,||70114,500|1000|2000,16,1,,,,5000,,,0,211
43345,jup_sb_ch_prestige_s5_p20_1,JUP_CARDS/JUP_CARD_N5901_12,JUP_CHALLENGE/JUP_SB_CH_PRESTIGE_S5_P20_1_DESC,,7|10|25,||70115,500|1000|2000,16,2,,,,5000,,,0,211
43346,jup_sb_ch_prestige_s5_p20_2,JUP_CARDS/JUP_CARD_N5901_13,JUP_CHALLENGE/JUP_SB_CH_PRESTIGE_S5_P20_2_DESC,,1|3|5,||70116,500|1000|2000,16,3,,,,5000,,,0,211
43347,jup_sb_ch_prestige_s5_p20_3,JUP_CARDS/JUP_CARD_N5901_14,JUP_CHALLENGE/JUP_SB_CH_PRESTIGE_S5_P20_3_DESC,,7|10|25,||70117,500|1000|2000,16,4,,,,5000,,,0,211
43348,jup_sb_ch_prestige_s5_p21_0,JUP_CARDS/JUP_CARD_N5901_16,JUP_CHALLENGE/JUP_SB_CH_PRESTIGE_S5_P21_0_DESC,,7|10|25,||70119,500|1000|2000,17,1,,,,5000,,,0,211
43349,jup_sb_ch_prestige_s5_p21_1,JUP_CARDS/JUP_CARD_N5901_17,JUP_CHALLENGE/JUP_SB_CH_PRESTIGE_S5_P21_1_DESC,,3|5|7,||70120,500|1000|2000,17,2,,,,5000,,,0,211
43350,jup_sb_ch_prestige_s5_p21_2,JUP_CARDS/JUP_CARD_N5901_18,JUP_CHALLENGE/JUP_SB_CH_PRESTIGE_S5_P21_2_DESC,,3|5|7,||70121,500|1000|2000,17,3,,,,5000,,,0,211
43351,jup_sb_ch_prestige_s5_p21_3,JUP_CARDS/JUP_CARD_N5901_19,JUP_CHALLENGE/JUP_SB_CH_PRESTIGE_S5_P21_3_DESC,,5|7|10,||70122,500|1000|2000,17,4,,,,5000,,,0,211
43352,jup_ch_prestige_s5_mastery_18,JUP_CHALLENGE/SB_CH_PRESTIGE_S5_MASTERY_18,JUP_CHALLENGE/SB_CH_PRESTIGE_S5_MASTERY_18_DESC,,4,70108,2500,18,35,43336|43337|43338|43339,,,5000,,,0,211
43353,jup_ch_prestige_s5_mastery_19,JUP_CHALLENGE/SB_CH_PRESTIGE_S5_MASTERY_19,JUP_CHALLENGE/SB_CH_PRESTIGE_S5_MASTERY_19_DESC,,4,70113,2500,19,37,43340|43341|43342|43343,,,5000,,,0,211
43354,jup_ch_prestige_s5_mastery_20,JUP_CHALLENGE/SB_CH_PRESTIGE_S5_MASTERY_20,JUP_CHALLENGE/SB_CH_PRESTIGE_S5_MASTERY_20_DESC,,4,70118,2500,20,39,43344|43345|43346|43347,,,5000,,,0,211
43355,jup_ch_prestige_s5_mastery_21,JUP_CHALLENGE/SB_CH_PRESTIGE_S5_MASTERY_21,JUP_CHALLENGE/SB_CH_PRESTIGE_S5_MASTERY_21_DESC,,4,70123,2500,21,41,43348|43349|43350|43351,,,5000,,,0,211
47462,jup_sb_ch_prestige_s6_p22_0,JUP_CARDS/JUP_CARD_N6901_2,JUP_CHALLENGE/JUP_SB_CH_PRESTIGE_S6_P22_0_DESC,,1|3|5,||82160,500|1000|2000,22,1,,,,6000,,,0,211
47463,jup_sb_ch_prestige_s6_p22_1,JUP_CARDS/JUP_CARD_N6901_3,JUP_CHALLENGE/JUP_SB_CH_PRESTIGE_S6_P22_1_DESC,,7|10|25,||82161,500|1000|2000,22,2,,,,6000,,,0,211
47464,jup_sb_ch_prestige_s6_p22_2,JUP_CARDS/JUP_CARD_N6901_4,JUP_CHALLENGE/JUP_SB_CH_PRESTIGE_S6_P22_2_DESC,,1|3|5,||82162,500|1000|2000,22,3,,,,6000,,,0,211
47465,jup_sb_ch_prestige_s6_p22_3,JUP_CARDS/JUP_CARD_N6901_5,JUP_CHALLENGE/JUP_SB_CH_PRESTIGE_S6_P22_3_DESC,,10|25|50,||82163,500|1000|2000,22,4,,,,6000,,,0,211
47468,jup_sb_ch_prestige_s6_p23_0,JUP_CARDS/JUP_CARD_N6901_7,JUP_CHALLENGE/JUP_SB_CH_PRESTIGE_S6_P23_0_DESC,,10|25|50,||82165,500|1000|2000,23,1,,,,6000,,,0,211
47466,jup_sb_ch_prestige_s6_p23_1,JUP_CARDS/JUP_CARD_N6901_8,JUP_CHALLENGE/JUP_SB_CH_PRESTIGE_S6_P23_1_DESC,,7|10|25,||82166,500|1000|2000,23,2,,,,6000,,,0,211
47467,jup_sb_ch_prestige_s6_p23_2,JUP_CARDS/JUP_CARD_N6901_9,JUP_CHALLENGE/JUP_SB_CH_PRESTIGE_S6_P23_2_DESC,,10|25|50,||82167,500|1000|2000,23,3,,,,6000,,,0,211
47469,jup_sb_ch_prestige_s6_p23_3,JUP_CARDS/JUP_CARD_N6901_10,JUP_CHALLENGE/JUP_SB_CH_PRESTIGE_S6_P23_3_DESC,,10|25|50,||82168,500|1000|2000,23,4,,,,6000,,,0,211
47470,jup_sb_ch_prestige_s6_p24_0,JUP_CARDS/JUP_CARD_N6901_12,JUP_CHALLENGE/JUP_SB_CH_PRESTIGE_S6_P24_0_DESC,,100|250|500,||82170,500|1000|2000,24,1,,,,6000,,,0,211
47471,jup_sb_ch_prestige_s6_p24_1,JUP_CARDS/JUP_CARD_N6901_13,JUP_CHALLENGE/JUP_SB_CH_PRESTIGE_S6_P24_1_DESC,,25|50|100,||82171,500|1000|2000,24,2,,,,6000,,,0,211
47472,jup_sb_ch_prestige_s6_p24_2,JUP_CARDS/JUP_CARD_N6901_14,JUP_CHALLENGE/JUP_SB_CH_PRESTIGE_S6_P24_2_DESC,,50|100|250,||82172,500|1000|2000,24,3,,,,6000,,,0,211
47473,jup_sb_ch_prestige_s6_p24_3,JUP_CARDS/JUP_CARD_N6901_15,JUP_CHALLENGE/JUP_SB_CH_PRESTIGE_S6_P24_3_DESC,,50|100|250,||82173,500|1000|2000,24,4,,,,6000,,,0,211
47474,jup_sb_ch_prestige_s6_p25_0,JUP_CARDS/JUP_CARD_N6901_17,JUP_CHALLENGE/JUP_SB_CH_PRESTIGE_S6_P25_0_DESC,,7|10|25,||82174,500|1000|2000,25,1,,,,6000,,,0,211
47475,jup_sb_ch_prestige_s6_p25_1,JUP_CARDS/JUP_CARD_N6901_18,JUP_CHALLENGE/JUP_SB_CH_PRESTIGE_S6_P25_1_DESC,,7|10|25,||81603,500|1000|2000,25,2,,,,6000,,,0,211
47476,jup_sb_ch_prestige_s6_p25_2,JUP_CARDS/JUP_CARD_N6901_19,JUP_CHALLENGE/JUP_SB_CH_PRESTIGE_S6_P25_2_DESC,,5|7|10,||82175,500|1000|2000,25,3,,,,6000,,,0,211
47477,jup_sb_ch_prestige_s6_p25_3,JUP_CARDS/JUP_CARD_N6901_20,JUP_CHALLENGE/JUP_SB_CH_PRESTIGE_S6_P25_3_DESC,,5|7|10,||82176,500|1000|2000,25,4,,,,6000,,,0,211
47442,jup_ch_prestige_s6_mastery_22,JUP_CHALLENGE/SB_CH_PRESTIGE_S6_MASTERY_22,JUP_CHALLENGE/SB_CH_PRESTIGE_S6_MASTERY_22_DESC,,4,82159,2500,22,43,47462|47463|47464|47465,,,6000,,,0,211
47443,jup_ch_prestige_s6_mastery_23,JUP_CHALLENGE/SB_CH_PRESTIGE_S6_MASTERY_23,JUP_CHALLENGE/SB_CH_PRESTIGE_S6_MASTERY_23_DESC,,4,82164,2500,23,45,47468|47466|47467|47469,,,6000,,,0,211
47444,jup_ch_prestige_s6_mastery_24,JUP_CHALLENGE/SB_CH_PRESTIGE_S6_MASTERY_24,JUP_CHALLENGE/SB_CH_PRESTIGE_S6_MASTERY_24_DESC,,4,82169,2500,24,47,47470|47471|47472|47473,,,6000,,,0,211
47445,jup_ch_prestige_s6_mastery_25,JUP_CHALLENGE/SB_CH_PRESTIGE_S6_MASTERY_25,JUP_CHALLENGE/SB_CH_PRESTIGE_S6_MASTERY_25_DESC,,4,81602,2500,25,49,47474|47475|47476|47477,,,6000,,,0,211
21391,jup_ob_sb_ch_s1_p1_hold_all_these_knives,JUP_OB_STICKER_BOOK/PRESTIGE_P1_HOLD_KNIVES_NAME,JUP_OB_STICKER_BOOK/PRESTIGE_P1_HOLD_KNIVES_DESC,,1,46479,3000,1,1,,,,1000,,,0,211
21394,jup_ob_sb_ch_s1_p1_speed_demon,JUP_OB_STICKER_BOOK/PRESTIGE_P1_SPEED_DEMON_NAME,JUP_OB_STICKER_BOOK/PRESTIGE_P1_SPEED_DEMON_DESC,,200,46470,3000,1,2,,,,1000,,,0,211
21395,jup_ob_sb_ch_s1_p1_thats_classified,JUP_OB_STICKER_BOOK/PRESTIGE_P1_THATS_CLASSIFIED_NAME,JUP_OB_STICKER_BOOK/PRESTIGE_P1_THATS_CLASSIFIED_DESC,,1,46475,3000,1,3,,,,1000,,,0,211
21396,jup_ob_sb_ch_s1_p1_charred_flesh,JUP_OB_STICKER_BOOK/PRESTIGE_P1_CHARRED_FLESH_NAME,JUP_OB_STICKER_BOOK/PRESTIGE_P1_CHARRED_FLESH_DESC,,25,46473,3000,1,4,,,,1000,,,0,211
21398,jup_ob_sb_ch_s1_p1_prestige_mastery_1,JUP_OB_STICKER_BOOK/PRESTIGE_P1_PRESTIGE1_MASTERY_NAME,JUP_OB_STICKER_BOOK/PRESTIGE_P1_PRESTIGE1_MASTERY_DESC,,4,36213,5000,1,2,21391|21394|21395|21396,,,1000,,,0,211
21426,jup_ob_sb_ch_s1_p2_bab_yaga,JUP_OB_STICKER_BOOK/PRESTIGE_P2_BABA_YAGA_NAME,JUP_OB_STICKER_BOOK/PRESTIGE_P2_BABA_YAGA_DESC,,250,46482,3000,2,1,,,,1000,,,0,211
21427,jup_ob_sb_ch_s1_p2_tripod_mounted,JUP_OB_STICKER_BOOK/PRESTIGE_P2_TRIPOD_MOUNTED_NAME,JUP_OB_STICKER_BOOK/PRESTIGE_P2_TRIPOD_MOUNTED_DESC,,50,46480,3000,2,2,,,,1000,,,0,211
21428,jup_ob_sb_ch_s1_p2_cut_them_down,JUP_OB_STICKER_BOOK/PRESTIGE_P2_CUT_THEM_DOWN_NAME,JUP_OB_STICKER_BOOK/PRESTIGE_P2_CUT_THEM_DOWN_DESC,,10,46478,3000,2,3,,,,1000,,,0,211
21429,jup_ob_sb_ch_s1_p2_frosted,JUP_OB_STICKER_BOOK/PRESTIGE_P2_FROSTED_NAME,JUP_OB_STICKER_BOOK/PRESTIGE_P2_FROSTED_DESC,,75,44351,3000,2,4,,,,1000,,,0,211
21430,jup_ob_sb_ch_s1_p2_prestige_mastery_2,JUP_OB_STICKER_BOOK/PRESTIGE_P2_PRESTIGE2_MASTERY_NAME,JUP_OB_STICKER_BOOK/PRESTIGE_P2_PRESTIGE2_MASTERY_DESC,,4,36215,5000,2,4,21426|21427|21428|21429,,,1000,,,0,211
21432,jup_ob_sb_ch_s1_p3_wave_breaker,JUP_OB_STICKER_BOOK/PRESTIGE_P3_WAVE_BREAKER_NAME,JUP_OB_STICKER_BOOK/PRESTIGE_P3_WAVE_BREAKER_DESC,,30,46472,3000,3,1,,,,1000,,,0,211
21433,jup_ob_sb_ch_s1_p3_unbridled_rage,JUP_OB_STICKER_BOOK/PRESTIGE_P3_UNBRIDLED_RAGE_NAME,JUP_OB_STICKER_BOOK/PRESTIGE_P3_UNBRIDLED_RAGE_DESC,,1,46471,3000,3,2,,,,1000,,,0,211
21434,jup_ob_sb_ch_s1_p3_you_can_do_that,JUP_OB_STICKER_BOOK/PRESTIGE_P3_YOU_CAN_DO_THAT_NAME,JUP_OB_STICKER_BOOK/PRESTIGE_P3_YOU_CAN_DO_THAT_DESC,,150,46483,3000,3,3,,,,1000,,,0,211
21435,jup_ob_sb_ch_s1_p3_something_in_common,JUP_OB_STICKER_BOOK/PRESTIGE_P3_SOMETHING_IN_COMMON_NAME,JUP_OB_STICKER_BOOK/PRESTIGE_P3_SOMETHING_IN_COMMON_DESC,,1000,36286,3000,3,4,,,,1000,,,0,211
21436,jup_ob_sb_ch_s1_p3_prestige_3_mastery,JUP_OB_STICKER_BOOK/PRESTIGE_P3_PRESTIGE3_MASTERY_NAME,JUP_OB_STICKER_BOOK/PRESTIGE_P3_PRESTIGE3_MASTERY_DESC,,4,36287,5000,3,6,21432|21433|21434|21435,,,1000,,,0,211
23153,jup_ob_sb_ch_s1_p4_ampd_up,JUP_OB_STICKER_BOOK/PRESTIGE_P4_AMPD_UP_NAME,JUP_OB_STICKER_BOOK/PRESTIGE_P4_AMPD_UP_DESC,,1000,46485,3000,4,1,,,,1000,,,0,211
23155,jup_ob_sb_ch_s1_p4_team_medic,JUP_OB_STICKER_BOOK/PRESTIGE_P4_TEAM_MEDIC_NAME,JUP_OB_STICKER_BOOK/PRESTIGE_P4_TEAM_MEDIC_DESC,,15,46477,3000,4,2,,,,1000,,,0,211
23160,jup_ob_sb_ch_s1_p4_unlimited_power,JUP_OB_STICKER_BOOK/PRESTIGE_P4_UNLIMITED_POWER_NAME,JUP_OB_STICKER_BOOK/PRESTIGE_P4_UNLIMITED_POWER_DESC,,1,36216,3000,4,3,,,,1000,,,0,211
23159,jup_ob_sb_ch_s1_p4_really,JUP_OB_STICKER_BOOK/PRESTIGE_P4_REALLY_NAME,JUP_OB_STICKER_BOOK/PRESTIGE_P4_REALLY_DESC,,1,46474,3000,4,4,,,,1000,,,0,211
23163,jup_ob_sb_ch_s1_p4_prestige_4_mastery,JUP_OB_STICKER_BOOK/PRESTIGE_P4_PRESTIGE4_MASTERY_NAME,JUP_OB_STICKER_BOOK/PRESTIGE_P4_PRESTIGE4_MASTERY_DESC,,4,36214,5000,4,8,23153|23155|23160|23159,,,1000,,,0,211
23164,jup_ob_sb_ch_s1_p5_shock_and_awe,JUP_OB_STICKER_BOOK/PRESTIGE_P5_SHOCK_AND_AWE_NAME,JUP_OB_STICKER_BOOK/PRESTIGE_P5_SHOCK_AND_AWE_DESC,,300,46484,3000,5,1,,,,1000,,,0,211
23166,jup_ob_sb_ch_s1_p5_untouchable,JUP_OB_STICKER_BOOK/PRESTIGE_P5_UNTOUCHABLE_NAME,JUP_OB_STICKER_BOOK/PRESTIGE_P5_UNTOUCHABLE_DESC,,1,46481,3000,5,2,,,,1000,,,0,211
23330,jup_ob_sb_ch_s1_p5_slippery_slope,JUP_OB_STICKER_BOOK/PRESTIGE_P5_SLIPPERY_SLOPE_NAME,JUP_OB_STICKER_BOOK/PRESTIGE_P5_SLIPPERY_SLOPE_DESC,,100,46476,3000,5,3,,,,1000,,,0,211
23335,jup_ob_sb_ch_s1_p5_endless_massacre,JUP_OB_STICKER_BOOK/PRESTIGE_P5_ENDLESS_MASSACRE_NAME,JUP_OB_STICKER_BOOK/PRESTIGE_P5_ENDLESS_MASSACRE_DESC,,300,44350,3000,5,4,,,,1000,,,0,211
23334,jup_ob_sb_ch_s1_p5_prestige_5_mastery,JUP_OB_STICKER_BOOK/PRESTIGE_P5_PRESTIGE5_MASTERY_NAME,JUP_OB_STICKER_BOOK/PRESTIGE_P5_PRESTIGE5_MASTERY_DESC,,4,44288,5000,5,10,23164|23166|23330|23335,,,1000,,,0,211
27187,jup_ob_sb_ch_s2_p6_quest_essential,JUP_OB_STICKER_BOOK/PRESTIGE_P6_QUEST_ESSENTIAL,JUP_OB_STICKER_BOOK/PRESTIGE_P6_QUEST_ESSENTIAL_DESC,,100,51742,1000,6,1,,,,2000,,,0,211
27188,jup_ob_sb_ch_s2_p6_wall_of_wonders,JUP_OB_STICKER_BOOK/PRESTIGE_P6_WALL_OF_WONDERS,JUP_OB_STICKER_BOOK/PRESTIGE_P6_WALL_OF_WONDERS_DESC,,10,51743,1000,6,2,,,,2000,,,0,211
27189,jup_ob_sb_ch_s2_p6_monkey_business,JUP_OB_STICKER_BOOK/PRESTIGE_P6_MONKEY_BUSINESS,JUP_OB_STICKER_BOOK/PRESTIGE_P6_MONKEY_BUSINESS_DESC,,20,51744,1000,6,3,,,,2000,,,0,211
27190,jup_ob_sb_ch_s2_p6_critical_carnage,JUP_OB_STICKER_BOOK/PRESTIGE_P6_CRITICAL_CARNAGE,JUP_OB_STICKER_BOOK/PRESTIGE_P6_CRITICAL_CARNAGE_DESC,,750,51745,1000,6,4,,,,2000,,,0,211
27184,jup_ob_sb_ch_s2_p6_prestige_matery_6,JUP_OB_STICKER_BOOK/PRESTIGE_P6_PRESTIGE6_MASTERY,JUP_OB_STICKER_BOOK/PRESTIGE_P6_PRESTIGE6_MASTERY_DESC,,4,51758,2500,6,12,27187|27188|27189|27190,,,2000,,,0,211
27196,jup_ob_sb_ch_s2_p7_turret_triumph,JUP_OB_STICKER_BOOK/PRESTIGE_P7_TURRET_TRIUMPH,JUP_OB_STICKER_BOOK/PRESTIGE_P7_TURRET_TRIUMPH_DESC,,150,51746,1000,7,1,,,,2000,,,0,211
27197,jup_ob_sb_ch_s2_p7_spending_spree,JUP_OB_STICKER_BOOK/PRESTIGE_P7_SPENDING_SPREE,JUP_OB_STICKER_BOOK/PRESTIGE_P7_SPENDING_SPREE_DESC,,5,51747,1000,7,2,,,,2000,,,0,211
27198,jup_ob_sb_ch_s2_p7_guards_day_out,JUP_OB_STICKER_BOOK/PRESTIGE_P7_GUARDS_DAY_OUT,JUP_OB_STICKER_BOOK/PRESTIGE_P7_GUARDS_DAY_OUT_DESC,,500,51748,1000,7,3,,,,2000,,,0,211
27199,jup_ob_sb_ch_s2_p7_nuke_n_clear,JUP_OB_STICKER_BOOK/PRESTIGE_P7_NUKE_N_CLEAR,JUP_OB_STICKER_BOOK/PRESTIGE_P7_NUKE_N_CLEAR_DESC,,25,51749,1000,7,4,,,,2000,,,0,211
27200,jup_ob_sb_ch_s2_p7_prestige_mastery_7,JUP_OB_STICKER_BOOK/PRESTIGE_P7_PRESTIGE7_MASTERY,JUP_OB_STICKER_BOOK/PRESTIGE_P7_PRESTIGE7_MASTERY_DESC,,4,51759,2500,7,14,27196|27197|27198|27199,,,2000,,,0,211
27213,jup_ob_sb_ch_s2_p8_pistol_precision,JUP_OB_STICKER_BOOK/PRESTIGE_P8_PISTOL_PRECISION,JUP_OB_STICKER_BOOK/PRESTIGE_P8_PISTOL_PRECISION_DESC,,20,51750,1000,8,1,,,,2000,,,0,211
27214,jup_ob_sb_ch_s2_p8_pack_a_lot,JUP_OB_STICKER_BOOK/PRESTIGE_P8_PACK_A_LOT,JUP_OB_STICKER_BOOK/PRESTIGE_P8_PACK_A_LOT_DESC,,25,51751,1000,8,2,,,,2000,,,0,211
27215,jup_ob_sb_ch_s2_p8_air_patrol,JUP_OB_STICKER_BOOK/PRESTIGE_P8_AIR_PATROL,JUP_OB_STICKER_BOOK/PRESTIGE_P8_AIR_PATROL_DESC,,15,51752,1000,8,3,,,,2000,,,0,211
27216,jup_ob_sb_ch_s2_p8_shocking_streak,JUP_OB_STICKER_BOOK/PRESTIGE_P8_SHOCKING_STREAK,JUP_OB_STICKER_BOOK/PRESTIGE_P8_SHOCKING_STREAK_DESC,,5,51753,1000,8,4,,,,2000,,,0,211
27217,jup_ob_sb_ch_s2_p8_prestige_mastery_8,JUP_OB_STICKER_BOOK/PRESTIGE_P8_PRESTIGE8_MASTERY,JUP_OB_STICKER_BOOK/PRESTIGE_P8_PRESTIGE8_MASTERY_DESC,,4,51760,2500,8,16,27213|27214|27215|27216,,,2000,,,0,211
27218,jup_ob_sb_ch_s2_p9_purple_boom,JUP_OB_STICKER_BOOK/PRESTIGE_P9_PURPLE_BOOM,JUP_OB_STICKER_BOOK/PRESTIGE_P9_PURPLE_BOOM_DESC,,100,51754,1000,9,1,,,,2000,,,0,211
27219,jup_ob_sb_ch_s2_p9_transparent_perspective,JUP_OB_STICKER_BOOK/PRESTIGE_P9_TRANSPARENT_PERSPECTIVE,JUP_OB_STICKER_BOOK/PRESTIGE_P9_TRANSPARENT_PERSPECTIVE_DESC,,50,51755,1000,9,2,,,,2000,,,0,211
27220,jup_ob_sb_ch_s2_p9_oh_thats_refined,JUP_OB_STICKER_BOOK/PRESTIGE_P9_OH_THATS_REFINED,JUP_OB_STICKER_BOOK/PRESTIGE_P9_OH_THATS_REFINED_DESC,,1,51756,1000,9,3,,,,2000,,,0,211
27221,jup_ob_sb_ch_s2_p9_rabbit_hunt,JUP_OB_STICKER_BOOK/PRESTIGE_P9_RABBIT_HUNT,JUP_OB_STICKER_BOOK/PRESTIGE_P9_RABBIT_HUNT_DESC,,75,51757,1000,9,4,,,,2000,,,0,211
27222,jup_ob_sb_ch_s2_p9_prestige_mastery_9,JUP_OB_STICKER_BOOK/PRESTIGE_P9_PRESTIGE9_MASTERY,JUP_OB_STICKER_BOOK/PRESTIGE_P9_PRESTIGE9_MASTERY_DESC,,4,51761,2500,9,18,27218|27219|27220|27221,,,2000,,,0,211
35785,jup_ob_sb_s3_p10_cower_no_more,JUP_OB_STICKER_BOOK/PRESTIGE_P10_COWER_NO_MORE,JUP_OB_STICKER_BOOK/PRESTIGE_P10_COWER_NO_MORE_DESC,,20,60160,1000,10,1,,,,3000,,,0,211
35786,jup_ob_sb_s3_p10_mint_grab,JUP_OB_STICKER_BOOK/PRESTIGE_P10_MINT_GRAB,JUP_OB_STICKER_BOOK/PRESTIGE_P10_MINT_GRAB_DESC,,1,60161,1,10,2,,,,3000,,,0,211
35787,jup_ob_sb_s3_p10_stay_frosty,JUP_OB_STICKER_BOOK/PRESTIGE_P10_STAY_FROSTY,JUP_OB_STICKER_BOOK/PRESTIGE_P10_STAY_FROSTY_DESC,,200,60231,1000,10,3,,,,3000,,,0,211
35788,jup_ob_sb_s3_p10_why_so_flat,JUP_OB_STICKER_BOOK/PRESTIGE_P10_WHY_SO_FLAT,JUP_OB_STICKER_BOOK/PRESTIGE_P10_WHY_SO_FLAT_DESC,,10,60232,1000,10,4,,,,3000,,,0,211
35789,jup_ob_sb_s3_p10_prestige_mastery_10,JUP_OB_STICKER_BOOK/PRESTIGE_P10_PRESTIGE10_MASTERY,JUP_OB_STICKER_BOOK/PRESTIGE_P10_PRESTIGE10_MASTERY_DESC,,4,60233,1000,10,20,35785|35786|35788|35787,,,3000,,,0,211
35790,jup_ob_sb_s3_p11_zombicide,JUP_OB_STICKER_BOOK/PRESTIGE_P11_ZOMBIECIDE,JUP_OB_STICKER_BOOK/PRESTIGE_P11_ZOMBIECIDE_DESC,,50,60162,1000,11,1,,,,3000,,,0,211
35791,jup_ob_sb_s3_p11_legendary_lift_off,JUP_OB_STICKER_BOOK/PRESTIGE_P11_LEGENDARY_LIFT_OFF,JUP_OB_STICKER_BOOK/PRESTIGE_P11_LEGENDARY_LIFT_OFF_DESC,,1,60163,1000,11,2,,,,3000,,,0,211
35792,jup_ob_sb_s3_p11_making_compost,JUP_OB_STICKER_BOOK/PRESTIGE_P11_MAKING_COMPOST,JUP_OB_STICKER_BOOK/PRESTIGE_P11_MAKING_COMPOST_DESC,,5,60234,1000,11,3,,,,3000,,,0,211
35793,jup_ob_sb_s3_p11_rayday_rayday,JUP_OB_STICKER_BOOK/PRESTIGE_P11_RAYDAY_RAYDAY,JUP_OB_STICKER_BOOK/PRESTIGE_P11_RAYDAY_RAYDAY_DESC,,1000,60164,1000,11,4,,,,3000,,,0,211
35794,jup_ob_sb_s3_p11_prestige_mastery_11,JUP_OB_STICKER_BOOK/PRESTIGE_P11_PRESTIGE11_MASTERY,JUP_OB_STICKER_BOOK/PRESTIGE_P11_PRESTIGE11_MASTERY_DESC,,4,60235,1000,11,22,35790|35791|35792|35793,,,3000,,,0,211
35795,jup_ob_sb_s3_p12_daring_is_caring,JUP_OB_STICKER_BOOK/PRESTIGE_P12_DARING_IS_CARING,JUP_OB_STICKER_BOOK/PRESTIGE_P12_DARING_IS_CARING_DESC,,250,60236,1000,12,1,,,,3000,,,0,211
35796,jup_ob_sb_s3_p12_that_was_charged,JUP_OB_STICKER_BOOK/PRESTIGE_P12_THAT_WAS_CHARGED,JUP_OB_STICKER_BOOK/PRESTIGE_P12_THAT_WAS_CHARGED_DESC,,150,60165,1000,12,2,,,,3000,,,0,211
35797,jup_ob_sb_s3_p12_its_emberrassing,JUP_OB_STICKER_BOOK/PRESTIGE_P12_ITS_EMBERASSING,JUP_OB_STICKER_BOOK/PRESTIGE_P12_ITS_EMBERASSING_DESC,,50,60237,1000,12,3,,,,3000,,,0,211
35798,jup_ob_sb_s3_p12_overcontracted,JUP_OB_STICKER_BOOK/PRESTIGE_P12_OVERCONTRACTED,JUP_OB_STICKER_BOOK/PRESTIGE_P12_OVERCONTRACTED_DESC,,5,60166,1000,12,4,,,,3000,,,0,211
35799,jup_ob_sb_s3_p12_prestige_mastery_12,JUP_OB_STICKER_BOOK/PRESTIGE_P12_PRESTIGE12_MASTERY,JUP_OB_STICKER_BOOK/PRESTIGE_P12_PRESTIGE12_MASTERY_DESC,,4,60167,1000,12,24,35795|35796|35797|35798,,,3000,,,0,211
35800,jup_ob_sb_s3_p13_mangled_skirmish,JUP_OB_STICKER_BOOK/PRESTIGE_P13_MANGLED_SKIRMISH,JUP_OB_STICKER_BOOK/PRESTIGE_P13_MANGLED_SKIRMISH_DESC,,1,60168,1000,13,1,,,,3000,,,0,211
35801,jup_ob_sb_s3_p13_grave_a_thon,JUP_OB_STICKER_BOOK/PRESTIGE_P13_GRAVE_A_THON,JUP_OB_STICKER_BOOK/PRESTIGE_P13_GRAVE_A_THON_DESC,,25,60169,1000,13,2,,,,3000,,,0,211
35802,jup_ob_sb_s3_p13_perky_purge,JUP_OB_STICKER_BOOK/PRESTIGE_P13_PERKY_PURGE,JUP_OB_STICKER_BOOK/PRESTIGE_P13_PERKY_PURGE_DESC,,300,60170,1000,13,3,,,,3000,,,0,211
35803,jup_ob_sb_s3_p13_start_packing,JUP_OB_STICKER_BOOK/PRESTIGE_P13_START_PACKING,JUP_OB_STICKER_BOOK/PRESTIGE_P13_START_PACKING_DESC,,1,60171,1000,13,4,,,,3000,,,0,211
35804,jup_ob_sb_s3_p13_prestige_mastery_13,JUP_OB_STICKER_BOOK/PRESTIGE_P13_PRESTIGE13_MASTERY,JUP_OB_STICKER_BOOK/PRESTIGE_P13_PRESTIGE13_MASTERY_DESC,,4,60172,1000,13,26,35800|35801|35802|35803,,,3000,,,0,211
40926,jup_ob_sb_s4_p14_slow_and_steady,JUP_OB_STICKER_BOOK/PRESTIGE_P14_SLOW_AND_STEADY,JUP_OB_STICKER_BOOK/PRESTIGE_P14_SLOW_AND_STEADY_DESC,,150,65424,1000,14,1,,,,4000,,,0,211
40928,jup_ob_sb_s4_p14_pickup_artist,JUP_OB_STICKER_BOOK/PRESTIGE_P14_PICKUP_ARTIST,JUP_OB_STICKER_BOOK/PRESTIGE_P14_PICKUP_ARTIST_DESC,,5,65425,1000,14,2,,,,4000,,,0,211
40931,jup_ob_sb_s4_p14_road_rage,JUP_OB_STICKER_BOOK/PRESTIGE_P14_ROAD_RAGE,JUP_OB_STICKER_BOOK/PRESTIGE_P14_ROAD_RAGE_DESC,,10,65426,1000,14,4,,,,4000,,,0,211
40935,jup_ob_sb_s4_p14_takedown,JUP_OB_STICKER_BOOK/PRESTIGE_P14_TAKEDOWN,JUP_OB_STICKER_BOOK/PRESTIGE_P14_TAKEDOWN_DESC,,1,44641,1000,14,4,,,,4000,,,0,211
40936,jup_ob_sb_s4_p14_prestige_mastery_14,JUP_OB_STICKER_BOOK/PRESTIGE_P14_PRESTIGE_MASTERY,JUP_OB_STICKER_BOOK/PRESTIGE_P14_PRESTIGE_MASTERY_DESC,,4,65427,2500,14,28,40926|40928|40931|40935,,,4000,,,0,211
40940,jup_ob_sb_s4_p15_mission_accomplished,JUP_OB_STICKER_BOOK/PRESTIGE_P15_MISSION_ACCOMPLISHED,JUP_OB_STICKER_BOOK/PRESTIGE_P15_MISSION_ACCOMPLISHED_DESC,,4,65428,1000,15,1,,,,4000,,,0,211
40971,jup_ob_sb_s4_p15_stocking_up,JUP_OB_STICKER_BOOK/PRESTIGE_P15_STOCKING_UP,JUP_OB_STICKER_BOOK/PRESTIGE_P15_STOCKING_UP_DESC,,48,44642,,15,2,,,,4000,,,0,211
40973,jup_ob_sb_s4_p15_long_arms,JUP_OB_STICKER_BOOK/PRESTIGE_P15_LONG_ARMS,JUP_OB_STICKER_BOOK/PRESTIGE_P15_LONG_ARMS_DESC,,200,65429,1000,15,3,,,,4000,,,0,211
40975,jup_ob_sb_s4_p15_gear_up,JUP_OB_STICKER_BOOK/PRESTIGE_P15_GEAR_UP,JUP_OB_STICKER_BOOK/PRESTIGE_P15_GEAR_UP_DESC,,20,44631,,15,4,,,,4000,,,0,211
40977,jup_ob_sb_s4_p15_prestige_mastery_15,JUP_OB_STICKER_BOOK/PRESTIGE_P15_PRESTIGE_MASTERY,JUP_OB_STICKER_BOOK/PRESTIGE_P15_PRESTIGE_MASTERY_DESC,,4,44639,2500,15,30,40940|40971|40973|40975,,,4000,,,0,211
40982,jup_ob_sb_s4_p16_hand_to_hand,JUP_OB_STICKER_BOOK/PRESTIGE_P16_HAND_TO_HAND,JUP_OB_STICKER_BOOK/PRESTIGE_P16_HAND_TO_HAND_DESC,,750,44632,1000,16,1,,,,4000,,,0,211
40984,jup_ob_sb_s4_p16_hailing_the_king,JUP_OB_STICKER_BOOK/PRESTIGE_P16_HAILING_THE_KING,JUP_OB_STICKER_BOOK/PRESTIGE_P16_HAILING_THE_KING_DESC,,1000,44633,1000,16,2,,,,4000,,,0,211
40986,jup_ob_sb_s4_p16_chain_reaction,JUP_OB_STICKER_BOOK/PRESTIGE_P16_CHAIN_REACTION,JUP_OB_STICKER_BOOK/PRESTIGE_P16_CHAIN_REACTION_DESC,,25,44634,1000,16,3,,,,4000,,,0,211
40988,jup_ob_sb_s4_p16_trigger_happy,JUP_OB_STICKER_BOOK/PRESTIGE_P16_TRIGGER_HAPPY,JUP_OB_STICKER_BOOK/PRESTIGE_P16_TRIGGER_HAPPY_DESC,,1000,44635,1000,16,4,,,,4000,,,0,211
40990,jup_ob_sb_s4_p16_prestige_mastery_16,JUP_OB_STICKER_BOOK/PRESTIGE_P16_PRESTIGE_MASTERY,JUP_OB_STICKER_BOOK/PRESTIGE_P16_PRESTIGE_MASTERY_DESC,,4,44643,2500,16,32,40982|40984|40986|40988,,,4000,,,0,211
40992,jup_ob_sb_s4_p17_tool_up,JUP_OB_STICKER_BOOK/PRESTIGE_P17_TOOL_UP,JUP_OB_STICKER_BOOK/PRESTIGE_P17_TOOL_UP_DESC,,20,65430,1000,17,1,,,,4000,,,0,211
40993,jup_ob_sb_s4_p17_taze_time,JUP_OB_STICKER_BOOK/PRESTIGE_P17_TAZE_TIME,JUP_OB_STICKER_BOOK/PRESTIGE_P17_TAZE_TIME_DESC,,1000,65431,1000,17,2,,,,4000,,,0,211
40995,jup_ob_sb_s4_p17_punchy,JUP_OB_STICKER_BOOK/PRESTIGE_P17_PUNCHY,JUP_OB_STICKER_BOOK/PRESTIGE_P17_PUNCHY_DESC,,8,44640,1000,17,3,,,,4000,,,0,211
40996,jup_ob_sb_s4_p17_caffeinated,JUP_OB_STICKER_BOOK/PRESTIGE_P17_CAFFEINATED,JUP_OB_STICKER_BOOK/PRESTIGE_P17_CAFFEINATED_DESC,,200,44636,1000,17,4,,,,4000,,,0,211
40998,jup_ob_sb_s4_p17_prestige_mastery_17,JUP_OB_STICKER_BOOK/PRESTIGE_P17_PRESTIGE_MASTERY,JUP_OB_STICKER_BOOK/PRESTIGE_P17_PRESTIGE_MASTERY_DESC,,4,65432,2500,17,34,40992|40993|40995|40996,,,4000,,,0,211
45751,jup_ob_sb_s5_p18_seal_time,JUP_OB_STICKER_BOOK/PRESTIGE_P18_SEAL_TIME,JUP_OB_STICKER_BOOK/PRESTIGE_P18_SEAL_TIME_DESC,,30,70289,1000,18,1,,,,5000,,,0,211
45752,jup_ob_sb_s5_p18_mopping_up,JUP_OB_STICKER_BOOK/PRESTIGE_P18_MOPPING_UP,JUP_OB_STICKER_BOOK/PRESTIGE_P18_MOPPING_UP_DESC,,100,70290,1000,18,2,,,,5000,,,0,211
45753,jup_ob_sb_s5_p18_empty_the_clip,JUP_OB_STICKER_BOOK/PRESTIGE_P18_EMPTY_THE_CLIP,JUP_OB_STICKER_BOOK/PRESTIGE_P18_EMPTY_THE_CLIP_DESC,,10,70621,1000,18,3,,,,5000,,,0,211
45754,jup_ob_sb_s5_p18_being_tactical,JUP_OB_STICKER_BOOK/PRESTIGE_P18_BEING_TACTICAL,JUP_OB_STICKER_BOOK/PRESTIGE_P18_BEING_TACTICAL_DESC,,250,70291,1000,18,4,,,,5000,,,0,211
45738,jup_ob_sb_s5_p18_prestige_mastery_18,JUP_OB_STICKER_BOOK/PRESTIGE_P18_PRESTIGE_MASTERY,JUP_OB_STICKER_BOOK/PRESTIGE_P18_PRESTIGE_MASTERY_DESC,,4,70933,2500,18,36,45751|45752|45753|45754,,,5000,,,0,211
45756,jup_ob_sb_s5_p19_fiery,JUP_OB_STICKER_BOOK/PRESTIGE_P19_FIERY,JUP_OB_STICKER_BOOK/PRESTIGE_P19_FIERY_DESC,,50,70292,1000,19,1,,,,5000,,,0,211
45757,jup_ob_sb_s5_p19_bounty_hunter,JUP_OB_STICKER_BOOK/PRESTIGE_P19_BOUNTY_HUNTER,JUP_OB_STICKER_BOOK/PRESTIGE_P19_BOUNTY_HUNTER_DESC,,2,70293,1000,19,2,,,,5000,,,0,211
45758,jup_ob_sb_s5_p19_allied,JUP_OB_STICKER_BOOK/PRESTIGE_P19_ALLIED,JUP_OB_STICKER_BOOK/PRESTIGE_P19_ALLIED_DESC,,750,70294,1000,19,3,,,,5000,,,0,211
45759,jup_ob_sb_s5_p19_undisciple,JUP_OB_STICKER_BOOK/PRESTIGE_P19_UNDISCIPLE,JUP_OB_STICKER_BOOK/PRESTIGE_P19_UNDISCIPLE_DESC,,50,70295,1000,19,4,,,,5000,,,0,211
45741,jup_ob_sb_s5_p19_prestige_mastery_19,JUP_OB_STICKER_BOOK/PRESTIGE_P19_PRESTIGE_MASTERY,JUP_OB_STICKER_BOOK/PRESTIGE_P19_PRESTIGE_MASTERY_DESC,,4,70622,2500,19,38,45756|45757|45758|45759,,,5000,,,0,211
45760,jup_ob_sb_s5_p20_wild_trade,JUP_OB_STICKER_BOOK/PRESTIGE_P20_WILD_TRADE,JUP_OB_STICKER_BOOK/PRESTIGE_P20_WILD_TRADE_DESC,,8,70296,1000,20,1,,,,5000,,,0,211
45761,jup_ob_sb_s5_p20_making_bank,JUP_OB_STICKER_BOOK/PRESTIGE_P20_MAKING_BANK,JUP_OB_STICKER_BOOK/PRESTIGE_P20_MAKING_BANK_DESC,,10,70297,1000,20,2,,,,5000,,,0,211
45762,jup_ob_sb_s5_p20_useful,JUP_OB_STICKER_BOOK/PRESTIGE_P20_USEFUL,JUP_OB_STICKER_BOOK/PRESTIGE_P20_USEFUL_DESC,,1,70298,1000,20,3,,,,5000,,,0,211
45763,jup_ob_sb_s5_p20_pestcide,JUP_OB_STICKER_BOOK/PRESTIGE_P20_PESTICIDE,JUP_OB_STICKER_BOOK/PRESTIGE_P20_PESTICIDE_DESC,,50,70299,1000,20,4,,,,5000,,,0,211
45743,jup_ob_sb_s5_p20_prestige_mastery_20,JUP_OB_STICKER_BOOK/PRESTIGE_P20_PRESTIGE_MASTERY,JUP_OB_STICKER_BOOK/PRESTIGE_P20_PRESTIGE_MASTERY_DESC,,4,70300,2500,20,40,45760|45761|45762|45763,,,5000,,,0,211
45765,jup_ob_sb_s5_p21_custom_killer,JUP_OB_STICKER_BOOK/PRESTIGE_P21_CUSTOM_KILLER,JUP_OB_STICKER_BOOK/PRESTIGE_P21_CUSTOM_KILLER_DESC,,1000,70301,1000,21,1,,,,5000,,,0,211
45766,jup_ob_sb_s5_p21_clerical,JUP_OB_STICKER_BOOK/PRESTIGE_P21_CLERICAL,JUP_OB_STICKER_BOOK/PRESTIGE_P21_CLERICAL_DESC,,1,70302,1000,21,2,,,,5000,,,0,211
45767,jup_ob_sb_s5_p21_hard_battle,JUP_OB_STICKER_BOOK/PRESTIGE_P21_HARD_BATTLE,JUP_OB_STICKER_BOOK/PRESTIGE_P21_HARD_BATTLE_DESC,,750,70303,1000,21,3,,,,5000,,,0,211
45768,jup_ob_sb_s5_p21_boiled,JUP_OB_STICKER_BOOK/PRESTIGE_P21_BOILED,JUP_OB_STICKER_BOOK/PRESTIGE_P21_BOILED_DESC,,1000,70103,1000,21,4,,,,5000,,,0,211
45745,jup_ob_sb_s5_p21_prestige_mastery_21,JUP_OB_STICKER_BOOK/PRESTIGE_P21_PRESTIGE_MASTERY,JUP_OB_STICKER_BOOK/PRESTIGE_P21_PRESTIGE_MASTERY_DESC,,4,70934,2500,21,42,45765|45766|45767|45768,,,5000,,,0,211
47929,jup_ob_sb_s6_p22_charged_up,JUP_OB_STICKER_BOOK/PRESTIGE_P22_CHARGED_UP,JUP_OB_STICKER_BOOK/PRESTIGE_P22_CHARGED_UP_DESC,,250,82139,1000,22,1,,,,6000,,,0,211
47930,jup_ob_sb_s6_p22_frosty,JUP_OB_STICKER_BOOK/PRESTIGE_P22_FROSTY,JUP_OB_STICKER_BOOK/PRESTIGE_P22_FROSTY_DESC,,250,82140,1000,22,2,,,,6000,,,0,211
47931,jup_ob_sb_s6_p22_big_bang,JUP_OB_STICKER_BOOK/PRESTIGE_P22_BIG_BANG,JUP_OB_STICKER_BOOK/PRESTIGE_P22_BIG_BANG_DESC,,250,82141,1000,22,3,,,,6000,,,0,211
47932,jup_ob_sb_s6_p22_mixology,JUP_OB_STICKER_BOOK/PRESTIGE_P22_MIXOLOGY,JUP_OB_STICKER_BOOK/PRESTIGE_P22_MIXOLOGY_DESC,,250,82142,1000,22,4,,,,6000,,,0,211
47933,jup_ob_sb_s6_p22_prestige_mastery_22,JUP_OB_STICKER_BOOK/PRESTIGE_P22_PRESTIGE_MASTERY,JUP_OB_STICKER_BOOK/PRESTIGE_P22_PRESTIGE_MASTERY_DESC,,4,82143,2500,22,44,47929|47930|47931|47932,,,6000,,,0,211
47934,jup_ob_sb_s6_p23_treasure_hunter,JUP_OB_STICKER_BOOK/PRESTIGE_P23_TREASURE_HUNTER,JUP_OB_STICKER_BOOK/PRESTIGE_P23_TREASURE_HUNTER_DESC,,250,82144,1000,23,1,,,,6000,,,0,211
47935,jup_ob_sb_s6_p23_collector,JUP_OB_STICKER_BOOK/PRESTIGE_P23_COLLECTOR,JUP_OB_STICKER_BOOK/PRESTIGE_P23_COLLECTOR_DESC,,25,82145,1000,23,2,,,,6000,,,0,211
47936,jup_ob_sb_s6_p23_meaty,JUP_OB_STICKER_BOOK/PRESTIGE_P23_MEATY,JUP_OB_STICKER_BOOK/PRESTIGE_P23_MEATY_DESC,,25,82146,1000,23,3,,,,6000,,,0,211
47937,jup_ob_sb_s6_p23_essential,JUP_OB_STICKER_BOOK/PRESTIGE_P23_ESSENTIAL,JUP_OB_STICKER_BOOK/PRESTIGE_P23_ESSENTIAL_DESC,,100000,82147,1000,23,4,,,,6000,,,0,211
47938,jup_ob_sb_s6_p23_prestige_mastery_23,JUP_OB_STICKER_BOOK/PRESTIGE_P23_PRESTIGE_MASTERY,JUP_OB_STICKER_BOOK/PRESTIGE_P23_PRESTIGE_MASTERY_DESC,,4,82148,2500,23,46,47934|47935|47936|47937,,,6000,,,0,211
47939,jup_ob_sb_s6_p24_bigmouth,JUP_OB_STICKER_BOOK/PRESTIGE_P24_BIGMOUTH,JUP_OB_STICKER_BOOK/PRESTIGE_P24_BIGMOUTH_DESC,,25,82149,1000,24,1,,,,6000,,,0,211
47940,jup_ob_sb_s6_p24_draining,JUP_OB_STICKER_BOOK/PRESTIGE_P24_DRAINING,JUP_OB_STICKER_BOOK/PRESTIGE_P24_DRAINING_DESC,,25,82150,1000,24,2,,,,6000,,,0,211
47941,jup_ob_sb_s6_p24_guard_dogs,JUP_OB_STICKER_BOOK/PRESTIGE_P24_GUARD_DOGS,JUP_OB_STICKER_BOOK/PRESTIGE_P24_GUARD_DOGS_DESC,,50,82151,1000,24,3,,,,6000,,,0,211
47942,jup_ob_sb_s6_p24_abominable,JUP_OB_STICKER_BOOK/PRESTIGE_P24_ABOMINABLE,JUP_OB_STICKER_BOOK/PRESTIGE_P24_ABOMINABLE_DESC,,10,82152,1000,24,4,,,,6000,,,0,211
47943,jup_ob_sb_s6_p24_prestige_mastery_24,JUP_OB_STICKER_BOOK/PRESTIGE_P24_PRESTIGE_MASTERY,JUP_OB_STICKER_BOOK/PRESTIGE_P24_PRESTIGE_MASTERY_DESC,,4,82153,2500,24,48,47939|47940|47941|47942,,,6000,,,0,211
47945,jup_ob_sb_s6_p25_big_score,JUP_OB_STICKER_BOOK/PRESTIGE_P25_BIG_SCORE,JUP_OB_STICKER_BOOK/PRESTIGE_P25_BIG_SCORE_DESC,,5,82154,1000,25,1,,,,6000,,,0,211
47946,jup_ob_sb_s6_p25_consistent,JUP_OB_STICKER_BOOK/PRESTIGE_P25_CONSISTENT,JUP_OB_STICKER_BOOK/PRESTIGE_P25_CONSISTENT_DESC,,5,82155,1000,25,2,,,,6000,,,0,211
47947,jup_ob_sb_s6_p25_smooth,JUP_OB_STICKER_BOOK/PRESTIGE_P25_SMOOTH,JUP_OB_STICKER_BOOK/PRESTIGE_P25_SMOOTH_DESC,,10,82156,1000,25,3,,,,6000,,,0,211
47948,jup_ob_sb_s6_p25_peak_efficiency,JUP_OB_STICKER_BOOK/PRESTIGE_P25_PEAK_EFFICIENCY,JUP_OB_STICKER_BOOK/PRESTIGE_P25_PEAK_EFFICIENCY_DESC,,10,82157,1000,25,4,,,,6000,,,0,211
47949,jup_ob_sb_s6_p25_prestige_mastery_25,JUP_OB_STICKER_BOOK/PRESTIGE_P25_PRESTIGE_MASTERY,JUP_OB_STICKER_BOOK/PRESTIGE_P25_PRESTIGE_MASTERY_DESC,,4,82158,2500,25,50,47945|47946|47947|47948,,,6000,,,0,211
