setchancecol,mp/loot/br/default/lootset_root.csv,2,,,,,,,,,,,,,,,,,,,,,,,,,,,,,,,,,,,,,,,,,,,,,,,,,,,,,,,,,,,,,,,,,,,,
setchancecol,mp/loot/br/default/lootset_global.csv,3,,,,,,,,,,,,,,,,,,,,,,,,,,,,,,,,,,,,,,,,,,,,,,,,,,,,,,,,,,,,,,,,,,,,
setchancecol,mp/loot/br/default/lootset_cache_base.csv,4,,,,,,,,,,,,,,,,,,,,,,,,,,,,,,,,,,,,,,,,,,,,,,,,,,,,,,,,,,,,,,,,,,,,
setchancecol,mp/loot/br/default/lootset_cache_underwater.csv,5,,,,,,,,,,,,,,,,,,,,,,,,,,,,,,,,,,,,,,,,,,,,,,,,,,,,,,,,,,,,,,,,,,,,
setchancecol,mp/loot/br/default/lootset_cache_lege.csv,6,,,,,,,,,,,,,,,,,,,,,,,,,,,,,,,,,,,,,,,,,,,,,,,,,,,,,,,,,,,,,,,,,,,,
setchancecol,mp/loot/br/default/strongholds/lootset_cache_stronghold.csv,7,,,,,,,,,,,,,,,,,,,,,,,,,,,,,,,,,,,,,,,,,,,,,,,,,,,,,,,,,,,,,,,,,,,,
setchancecol,mp/loot/br/default/strongholds/lootset_cache_blacksite.csv,8,,,,,,,,,,,,,,,,,,,,,,,,,,,,,,,,,,,,,,,,,,,,,,,,,,,,,,,,,,,,,,,,,,,,
setchancecol,mp/loot/br/default/strongholds/lootset_stronghold_black.csv,9,,,,,,,,,,,,,,,,,,,,,,,,,,,,,,,,,,,,,,,,,,,,,,,,,,,,,,,,,,,,,,,,,,,,
setchancecol,mp/loot/br/default/strongholds/lootset_stronghold_high.csv,10,,,,,,,,,,,,,,,,,,,,,,,,,,,,,,,,,,,,,,,,,,,,,,,,,,,,,,,,,,,,,,,,,,,,
setchancecol,mp/loot/br/default/gulag/lootset_gulag_event_cash_overflow.csv,11,,,,,,,,,,,,,,,,,,,,,,,,,,,,,,,,,,,,,,,,,,,,,,,,,,,,,,,,,,,,,,,,,,,,
setchancecol,mp/loot/br/default/gulag/lootset_gulag_cash_circle1.csv,12,,,,,,,,,,,,,,,,,,,,,,,,,,,,,,,,,,,,,,,,,,,,,,,,,,,,,,,,,,,,,,,,,,,,
setchancecol,mp/loot/br/default/gulag/lootset_gulag_cash_circle2.csv,13,,,,,,,,,,,,,,,,,,,,,,,,,,,,,,,,,,,,,,,,,,,,,,,,,,,,,,,,,,,,,,,,,,,,
setchancecol,mp/loot/br/default/gulag/lootset_gulag_cash_circle3.csv,14,,,,,,,,,,,,,,,,,,,,,,,,,,,,,,,,,,,,,,,,,,,,,,,,,,,,,,,,,,,,,,,,,,,,
setchancecol,mp/loot/br/default/gulag/lootset_gulag_cash_circle4.csv,15,,,,,,,,,,,,,,,,,,,,,,,,,,,,,,,,,,,,,,,,,,,,,,,,,,,,,,,,,,,,,,,,,,,,
setchancecol,mp/loot/br/default/gulag/lootset_gulag_items_circle1.csv,16,,,,,,,,,,,,,,,,,,,,,,,,,,,,,,,,,,,,,,,,,,,,,,,,,,,,,,,,,,,,,,,,,,,,
setchancecol,mp/loot/br/default/gulag/lootset_gulag_items_circle2.csv,17,,,,,,,,,,,,,,,,,,,,,,,,,,,,,,,,,,,,,,,,,,,,,,,,,,,,,,,,,,,,,,,,,,,,
setchancecol,mp/loot/br/default/gulag/lootset_gulag_items_circle3.csv,18,,,,,,,,,,,,,,,,,,,,,,,,,,,,,,,,,,,,,,,,,,,,,,,,,,,,,,,,,,,,,,,,,,,,
setchancecol,mp/loot/br/default/gulag/lootset_gulag_items_circle4.csv,19,,,,,,,,,,,,,,,,,,,,,,,,,,,,,,,,,,,,,,,,,,,,,,,,,,,,,,,,,,,,,,,,,,,,
setchancecol,mp/loot/br/default/gulag/lootset_gulag_vouchers_circle1.csv,20,,,,,,,,,,,,,,,,,,,,,,,,,,,,,,,,,,,,,,,,,,,,,,,,,,,,,,,,,,,,,,,,,,,,
setchancecol,mp/loot/br/default/gulag/lootset_gulag_vouchers_circle2.csv,21,,,,,,,,,,,,,,,,,,,,,,,,,,,,,,,,,,,,,,,,,,,,,,,,,,,,,,,,,,,,,,,,,,,,
setchancecol,mp/loot/br/default/gulag/lootset_gulag_vouchers_circle3.csv,22,,,,,,,,,,,,,,,,,,,,,,,,,,,,,,,,,,,,,,,,,,,,,,,,,,,,,,,,,,,,,,,,,,,,
setchancecol,mp/loot/br/default/gulag/lootset_gulag_vouchers_circle4.csv,23,,,,,,,,,,,,,,,,,,,,,,,,,,,,,,,,,,,,,,,,,,,,,,,,,,,,,,,,,,,,,,,,,,,,
setchancecol,mp/loot/br/default/containers/lootset_cache_cash_register.csv,24,,,,,,,,,,,,,,,,,,,,,,,,,,,,,,,,,,,,,,,,,,,,,,,,,,,,,,,,,,,,,,,,,,,,
setchancecol,mp/loot/br/default/containers/lootset_cache_duffel_bag.csv,25,,,,,,,,,,,,,,,,,,,,,,,,,,,,,,,,,,,,,,,,,,,,,,,,,,,,,,,,,,,,,,,,,,,,
setchancecol,mp/loot/br/default/containers/lootset_cache_hanging_clothes.csv,26,,,,,,,,,,,,,,,,,,,,,,,,,,,,,,,,,,,,,,,,,,,,,,,,,,,,,,,,,,,,,,,,,,,,
setchancecol,mp/loot/br/default/containers/lootset_cache_hidden_container.csv,27,,,,,,,,,,,,,,,,,,,,,,,,,,,,,,,,,,,,,,,,,,,,,,,,,,,,,,,,,,,,,,,,,,,,
setchancecol,mp/loot/br/default/containers/lootset_cache_medical_box_wall.csv,28,,,,,,,,,,,,,,,,,,,,,,,,,,,,,,,,,,,,,,,,,,,,,,,,,,,,,,,,,,,,,,,,,,,,
setchancecol,mp/loot/br/default/containers/lootset_cache_medicine_cabinet.csv,29,,,,,,,,,,,,,,,,,,,,,,,,,,,,,,,,,,,,,,,,,,,,,,,,,,,,,,,,,,,,,,,,,,,,
setchancecol,mp/loot/br/default/containers/lootset_cache_toolbox.csv,30,,,,,,,,,,,,,,,,,,,,,,,,,,,,,,,,,,,,,,,,,,,,,,,,,,,,,,,,,,,,,,,,,,,,
setchancecol,mp/loot/br/default/containers/lootset_cache_weapon_locker.csv,31,,,,,,,,,,,,,,,,,,,,,,,,,,,,,,,,,,,,,,,,,,,,,,,,,,,,,,,,,,,,,,,,,,,,
setchancecol,mp/loot/br/default/strongholds/lootset_stronghold_bomb_defuse_reward.csv,32,,,,,,,,,,,,,,,,,,,,,,,,,,,,,,,,,,,,,,,,,,,,,,,,,,,,,,,,,,,,,,,,,,,,
setchancecol,mp/loot/br/default/strongholds/lootset_blacksite_boss_backpack.csv,33,,,,,,,,,,,,,,,,,,,,,,,,,,,,,,,,,,,,,,,,,,,,,,,,,,,,,,,,,,,,,,,,,,,,
setchancecol,mp/loot/br/default/strongholds/lootset_cache_train_safe.csv,34,,,,,,,,,,,,,,,,,,,,,,,,,,,,,,,,,,,,,,,,,,,,,,,,,,,,,,,,,,,,,,,,,,,,
setchancecol,mp/loot/br/default/contracts/lootset_contract_dom.csv,35,,,,,,,,,,,,,,,,,,,,,,,,,,,,,,,,,,,,,,,,,,,,,,,,,,,,,,,,,,,,,,,,,,,,
setchancecol,mp/loot/br/default/contracts/lootset_contract_scav1.csv,36,,,,,,,,,,,,,,,,,,,,,,,,,,,,,,,,,,,,,,,,,,,,,,,,,,,,,,,,,,,,,,,,,,,,
setchancecol,mp/loot/br/default/contracts/lootset_contract_scav2.csv,37,,,,,,,,,,,,,,,,,,,,,,,,,,,,,,,,,,,,,,,,,,,,,,,,,,,,,,,,,,,,,,,,,,,,
setchancecol,mp/loot/br/default/contracts/lootset_contract_scav3.csv,38,,,,,,,,,,,,,,,,,,,,,,,,,,,,,,,,,,,,,,,,,,,,,,,,,,,,,,,,,,,,,,,,,,,,
setchancecol,mp/loot/br/default/contracts/lootset_contract_safe1.csv,39,,,,,,,,,,,,,,,,,,,,,,,,,,,,,,,,,,,,,,,,,,,,,,,,,,,,,,,,,,,,,,,,,,,,
setchancecol,mp/loot/br/default/lootset_empty.csv,40,,,,,,,,,,,,,,,,,,,,,,,,,,,,,,,,,,,,,,,,,,,,,,,,,,,,,,,,,,,,,,,,,,,,
setchancecol,mp/loot/br/default/modes/lootset_agent_milestone_kills1.csv,41,,,,,,,,,,,,,,,,,,,,,,,,,,,,,,,,,,,,,,,,,,,,,,,,,,,,,,,,,,,,,,,,,,,,
setchancecol,mp/loot/br/default/modes/lootset_agent_milestone_kills2.csv,42,,,,,,,,,,,,,,,,,,,,,,,,,,,,,,,,,,,,,,,,,,,,,,,,,,,,,,,,,,,,,,,,,,,,
setchancecol,mp/loot/br/default/modes/lootset_agent_milestone_kills3.csv,43,,,,,,,,,,,,,,,,,,,,,,,,,,,,,,,,,,,,,,,,,,,,,,,,,,,,,,,,,,,,,,,,,,,,
setchancecol,mp/loot/br/default/locations/lootset_autobody_shop.csv,44,,,,,,,,,,,,,,,,,,,,,,,,,,,,,,,,,,,,,,,,,,,,,,,,,,,,,,,,,,,,,,,,,,,,
setchancecol,mp/loot/br/default/locations/lootset_car_dealership.csv,45,,,,,,,,,,,,,,,,,,,,,,,,,,,,,,,,,,,,,,,,,,,,,,,,,,,,,,,,,,,,,,,,,,,,
setchancecol,mp/loot/br/default/locations/lootset_fire_station.csv,46,,,,,,,,,,,,,,,,,,,,,,,,,,,,,,,,,,,,,,,,,,,,,,,,,,,,,,,,,,,,,,,,,,,,
setchancecol,mp/loot/br/default/locations/lootset_gas_station.csv,47,,,,,,,,,,,,,,,,,,,,,,,,,,,,,,,,,,,,,,,,,,,,,,,,,,,,,,,,,,,,,,,,,,,,
setchancecol,mp/loot/br/default/locations/lootset_pharmacy.csv,48,,,,,,,,,,,,,,,,,,,,,,,,,,,,,,,,,,,,,,,,,,,,,,,,,,,,,,,,,,,,,,,,,,,,
setchancecol,mp/loot/br/default/locations/lootset_police_station.csv,49,,,,,,,,,,,,,,,,,,,,,,,,,,,,,,,,,,,,,,,,,,,,,,,,,,,,,,,,,,,,,,,,,,,,
setchancecol,mp/loot/br/default/locations/lootset_restaurant.csv,50,,,,,,,,,,,,,,,,,,,,,,,,,,,,,,,,,,,,,,,,,,,,,,,,,,,,,,,,,,,,,,,,,,,,
setchancecol,mp/loot/br/default/locations/lootset_station_house.csv,51,,,,,,,,,,,,,,,,,,,,,,,,,,,,,,,,,,,,,,,,,,,,,,,,,,,,,,,,,,,,,,,,,,,,
setchancecol,mp/loot/br/default/locations/lootset_bank.csv,52,,,,,,,,,,,,,,,,,,,,,,,,,,,,,,,,,,,,,,,,,,,,,,,,,,,,,,,,,,,,,,,,,,,,
setchancecol,mp/loot/br/default/locations/lootset_recon.csv,53,,,,,,,,,,,,,,,,,,,,,,,,,,,,,,,,,,,,,,,,,,,,,,,,,,,,,,,,,,,,,,,,,,,,
setchancecol,mp/loot/br/default/locations/lootset_defensive.csv,54,,,,,,,,,,,,,,,,,,,,,,,,,,,,,,,,,,,,,,,,,,,,,,,,,,,,,,,,,,,,,,,,,,,,
setchancecol,mp/loot/br/default/locations/lootset_offensive.csv,55,,,,,,,,,,,,,,,,,,,,,,,,,,,,,,,,,,,,,,,,,,,,,,,,,,,,,,,,,,,,,,,,,,,,
setchancecol,mp/loot/br/default/locations/lootset_support.csv,56,,,,,,,,,,,,,,,,,,,,,,,,,,,,,,,,,,,,,,,,,,,,,,,,,,,,,,,,,,,,,,,,,,,,
setchancecol,mp/loot/br/default/locations/lootset_test.csv,57,,,,,,,,,,,,,,,,,,,,,,,,,,,,,,,,,,,,,,,,,,,,,,,,,,,,,,,,,,,,,,,,,,,,
setchancecol,mp/loot/br/default/locations/lootset_manor.csv,58,,,,,,,,,,,,,,,,,,,,,,,,,,,,,,,,,,,,,,,,,,,,,,,,,,,,,,,,,,,,,,,,,,,,
setchancecol,mp/loot/br/default/contracts/lootset_contract_recovery.csv,59,,,,,,,,,,,,,,,,,,,,,,,,,,,,,,,,,,,,,,,,,,,,,,,,,,,,,,,,,,,,,,,,,,,,
setchancecol,mp/loot/br/default/contracts/lootset_contract_intel.csv,60,,,,,,,,,,,,,,,,,,,,,,,,,,,,,,,,,,,,,,,,,,,,,,,,,,,,,,,,,,,,,,,,,,,,
setchancecol,mp/loot/br/default/contracts/lootset_contract_vipCrate.csv,61,,,,,,,,,,,,,,,,,,,,,,,,,,,,,,,,,,,,,,,,,,,,,,,,,,,,,,,,,,,,,,,,,,,,
setchancecol,mp/loot/br/default/lootset_cache_reusable.csv,62,,,,,,,,,,,,,,,,,,,,,,,,,,,,,,,,,,,,,,,,,,,,,,,,,,,,,,,,,,,,,,,,,,,,
setchancecol,mp/loot/br/default/public_events/lootset_cache_pe_crate_drop.csv,63,,,,,,,,,,,,,,,,,,,,,,,,,,,,,,,,,,,,,,,,,,,,,,,,,,,,,,,,,,,,,,,,,,,,
setchancecol,mp/loot/br/default/locations/bunkers/lootset_bunker.csv,64,,,,,,,,,,,,,,,,,,,,,,,,,,,,,,,,,,,,,,,,,,,,,,,,,,,,,,,,,,,,,,,,,,,,
setchancecol,mp/loot/br/default/locations/bunkers/lootset_cache_bunker.csv,65,,,,,,,,,,,,,,,,,,,,,,,,,,,,,,,,,,,,,,,,,,,,,,,,,,,,,,,,,,,,,,,,,,,,
setchancecol,mp/loot/br/default/locations/bunkers/lootset_bunker_treasury.csv,66,,,,,,,,,,,,,,,,,,,,,,,,,,,,,,,,,,,,,,,,,,,,,,,,,,,,,,,,,,,,,,,,,,,,
setchancecol,mp/loot/br/default/contracts/lootset_contract_spy_drones.csv,67,,,,,,,,,,,,,,,,,,,,,,,,,,,,,,,,,,,,,,,,,,,,,,,,,,,,,,,,,,,,,,,,,,,,
setchancecol,mp/loot/br/default/strongholds/lootset_ground_hotzone.csv,68,,,,,,,,,,,,,,,,,,,,,,,,,,,,,,,,,,,,,,,,,,,,,,,,,,,,,,,,,,,,,,,,,,,,
setchancecol,mp/loot/br/default/contracts/lootset_contract_legendaryCrate.csv,69,,,,,,,,,,,,,,,,,,,,,,,,,,,,,,,,,,,,,,,,,,,,,,,,,,,,,,,,,,,,,,,,,,,,
tagReject,nobr,,100,100,100,100,100,100,100,100,100,100,100,100,100,100,100,100,100,100,100,100,100,100,100,100,100,100,100,100,100,100,100,100,100,100,100,100,100,100,100,100,100,100,100,100,100,100,100,100,100,100,100,100,100,100,100,100,100,100,100,100,100,100,100,100,100,100,100,
tagReject,sealion,,100,100,100,100,100,100,100,100,100,100,100,100,100,100,100,100,100,100,100,100,100,100,100,100,100,100,100,100,100,100,100,100,100,100,100,100,100,100,100,100,100,100,100,100,100,100,100,100,100,100,100,100,100,100,100,100,100,100,100,100,100,100,100,100,100,100,100,
tagReject,delta,,100,100,100,100,100,100,100,100,100,100,100,100,100,100,100,100,100,100,100,100,100,100,100,100,100,100,100,100,100,100,100,100,100,100,100,100,100,100,100,100,100,100,100,100,100,100,100,100,100,100,100,100,100,100,100,100,100,100,100,100,100,100,100,100,100,100,100,
tagReject,escape,,100,100,100,100,100,100,100,100,100,100,100,100,100,100,100,100,100,100,100,100,100,100,100,100,100,100,100,100,100,100,100,100,100,100,100,100,100,100,100,100,100,100,100,100,100,100,100,100,100,100,100,100,100,100,100,100,100,100,100,100,100,100,100,100,100,100,100,
tagReject,jup_sm_island_2,,100,100,100,100,100,100,100,100,100,100,100,100,100,100,100,100,100,100,100,100,100,100,100,100,100,100,100,100,100,100,100,100,100,100,100,100,100,100,100,100,100,100,100,100,100,100,100,100,100,100,100,100,100,100,100,100,100,100,100,100,100,100,100,100,100,100,100,
reqLimit,gascan,,3,,,,,,,,,,,,,,,,,,,,,,,,,,,,,,,,,,,,,,,,,,,,,,,,,,,,,,,,,,,,,,,,,,,
reqLimit,brloot_super_deployablekiosk,,1,,,,,,,,,,,,,,,,,,,,,,,,,,,,,,,,,,,,,,,,,,,,,,,,,,,,,,,,,,,,,,,,,,,
chance,ammo,,190,110,85,20,50,50,190,190,0,0,0,0,0,0,0,0,0,0,0,0,0,0,90,0,60,0,0,0,1,20,20,60,2,2,2,2,2,0,0,0,0,191,156,121,136,121,141,136,151,131,146,146,146,116,0,265,2,2,150,110,0,190,20,190,110,190,50,
chance,health,,130,100,85,20,50,50,130,130,0,0,0,0,0,0,0,0,0,0,0,0,0,0,90,0,60,0,0,0,0,0,0,60,25,25,25,25,25,0,0,0,0,146,156,191,171,191,121,151,161,151,156,121,121,186,0,175,25,25,0,100,0,130,20,130,100,130,50,
chance,plunder,,50,20,50,100,180,150,50,50,1,0,0,0,0,0,0,0,0,0,0,0,0,1,20,0,100,0,0,0,0,1,1,100,2,2,2,2,2,0,1,0,0,115,115,115,120,115,115,125,115,125,135,115,115,135,0,115,2,2,100,20,1,50,100,50,20,50,50,
chance,killstreak,,0,135,100,180,150,180,0,0,0,0,0,0,0,0,0,0,0,0,0,0,0,0,110,0,170,0,0,0,100,0,1,170,3,3,3,3,3,0,0,1,0,10,10,10,10,10,10,10,10,10,10,10,10,10,0,0,3,3,50,135,0,0,180,0,135,0,25,
chance,lethal,,140,60,165,20,0,0,140,140,0,0,0,0,0,1,1,1,1,0,0,0,0,0,165,0,40,0,0,1,384,5,5,40,10,10,10,10,10,0,0,0,0,156,136,156,141,156,151,186,141,156,106,121,121,121,0,80,10,10,0,60,0,140,20,140,60,140,0,
chance,tactical,,140,60,155,20,0,0,140,140,0,0,0,0,0,1,1,1,1,0,0,0,0,0,165,0,40,700,700,1,384,5,5,40,10,10,10,10,10,0,0,0,0,136,111,181,171,181,121,151,111,156,106,121,121,176,1,80,10,10,0,60,0,140,20,140,60,140,0,
chance,super,,145,217,0,205,200,200,145,145,0,0,0,0,0,0,0,0,0,0,0,0,0,0,210,0,200,5,5,0,100,5,5,200,20,20,20,20,20,0,0,0,0,80,110,95,95,95,80,80,105,110,135,110,110,125,0,90,20,20,0,217,0,145,205,145,217,145,0,
chance,weapon,,176,95,60,20,5,120,176,176,0,0,0,0,0,0,0,0,0,0,0,0,0,0,60,0,55,0,0,0,1,0,0,55,5,5,5,5,5,0,0,0,0,120,175,90,110,90,215,120,175,115,175,215,215,90,0,190,5,5,25,95,0,176,20,176,95,176,25,
chance,gear,,0,20,50,50,180,220,0,0,0,0,0,0,0,0,0,0,0,0,0,0,0,0,50,0,190,0,0,0,0,0,5,100,3,3,3,3,3,0,0,0,1,10,0,0,10,0,10,0,0,10,0,10,10,0,0,0,3,3,100,20,0,1,50,1,20,0,0,
chance,revive,,0,30,20,60,85,0,0,0,0,0,0,0,0,0,0,0,0,0,0,0,0,0,20,0,60,150,150,0,0,5,5,60,0,2,2,5,0,0,0,0,0,0,0,10,0,10,0,10,0,0,0,0,0,10,0,0,0,0,50,30,0,0,60,0,30,0,0,
chance,tablet,,22,0,0,0,0,0,0,0,0,0,0,0,0,0,0,0,0,0,0,0,0,0,0,0,0,0,0,0,0,0,0,0,0,0,0,0,0,0,0,0,0,17,17,17,17,17,17,17,17,17,17,17,17,17,0,17,0,0,0,0,0,0,0,0,0,22,0,
chance,perkpack,,20,50,0,160,50,0,20,20,0,0,0,0,0,0,0,0,0,0,0,0,0,0,10,0,10,75,75,0,30,0,0,100,5,5,5,10,5,0,0,0,0,20,20,20,20,20,20,20,20,20,20,20,20,20,0,0,0,5,0,50,0,20,160,20,50,20,25,
chance,token,,0,75,0,100,0,0,0,0,0,0,0,0,0,0,0,0,0,0,0,0,0,0,0,0,5,0,0,0,0,0,1,5,0,0,0,0,0,0,0,0,0,5,0,0,5,0,5,0,0,5,0,0,0,0,0,5,0,0,5,75,0,0,100,0,75,0,0,
chance,plate_carrier,,7,25,10,40,180,220,7,7,0,0,0,0,0,0,0,0,0,0,0,0,0,0,10,0,10,70,70,0,0,0,5,10,0,2,2,5,5,0,0,0,0,10,10,10,10,10,10,10,10,10,10,10,10,10,0,5,0,0,0,25,1,7,40,7,25,7,0,
chance,voucher,,0,0,0,0,0,0,0,0,0,0,0,0,0,0,0,0,0,1,1,1,1,0,0,0,0,0,0,0,0,0,0,0,0,0,0,0,0,0,0,0,0,0,0,0,0,0,0,0,0,0,0,0,0,0,0,0,0,0,0,0,0,0,0,0,0,0,0,
chance,key,,0,3,0,5,0,0,0,0,0,0,0,0,0,0,0,0,0,0,0,0,0,0,0,0,0,0,0,0,0,0,0,0,0,0,0,0,0,0,0,0,0,0,0,0,0,0,0,0,0,0,0,0,0,0,0,0,0,0,0,3,0,0,5,0,3,0,0,
chance,keycard,,0,5,0,8,0,0,0,0,0,0,0,0,0,0,0,0,0,0,0,0,0,0,0,0,0,0,0,0,0,0,0,0,1,1,1,1,1,0,0,0,0,0,0,0,0,0,0,0,0,0,0,0,0,0,0,0,0,1,1,5,0,0,0,0,5,0,0,
item,brloot_ammo_12g,,150,150,150,150,150,150,150,150,0,0,0,0,0,0,0,0,0,0,0,0,0,0,150,0,150,0,0,0,150,150,150,150,150,150,150,150,150,0,0,0,0,150,150,150,150,150,150,150,150,150,150,150,150,150,0,150,150,100,100,150,0,150,150,150,150,150,50,
item,brloot_ammo_50cal,,205,205,205,205,205,205,205,205,0,0,0,0,0,0,0,0,0,0,0,0,0,0,205,0,205,0,0,0,205,205,205,205,205,205,205,205,205,0,0,0,0,205,205,205,205,205,205,205,205,205,205,205,205,205,0,205,205,205,205,205,0,205,205,205,205,205,50,
item,brloot_ammo_762,,330,330,330,330,330,330,330,330,0,0,0,0,0,0,0,0,0,0,0,0,0,0,330,0,330,0,0,0,330,330,330,330,330,330,330,330,330,0,0,0,0,330,330,330,330,330,330,330,330,330,330,330,330,330,0,330,330,330,330,330,0,330,330,330,330,330,50,
item,brloot_ammo_919,,265,265,265,265,265,265,265,265,0,0,0,0,0,0,0,0,0,0,0,0,0,0,265,0,265,0,0,0,265,265,265,265,265,265,265,265,265,0,0,0,0,265,265,265,265,265,265,265,265,265,265,265,265,265,0,265,265,265,265,265,0,265,265,265,265,265,50,
item,brloot_ammo_rocket,,50,50,50,50,50,50,50,50,0,0,0,0,0,0,0,0,0,0,0,0,0,0,50,0,50,0,0,0,50,50,50,50,50,50,50,50,50,0,0,0,0,50,50,50,50,50,50,50,50,50,50,50,50,50,0,50,50,50,50,50,0,50,50,50,50,50,50,
item,brloot_equip_gasmask,,0,400,400,400,400,400,0,0,0,0,0,0,0,0,0,0,0,0,0,0,0,0,400,0,400,0,0,0,0,0,400,400,400,400,400,400,400,0,0,0,0,400,0,0,400,0,400,0,0,400,0,400,400,0,0,0,400,400,300,400,0,0,400,0,400,0,0,
item,brloot_equip_gasmask_durable,,0,100,100,100,100,100,0,0,0,0,0,0,0,0,0,0,0,0,0,0,0,0,100,0,100,0,0,0,0,0,100,100,100,100,100,100,100,0,0,0,1,100,0,0,100,0,100,0,0,100,0,100,100,0,0,0,100,100,100,100,0,1,100,1,100,0,0,
item,brloot_self_revive,,0,1,1,1,1,0,0,0,0,0,0,0,0,0,0,0,0,0,0,0,0,0,1,0,1,1,1,0,0,1,1,1,0,1,1,1,0,0,0,0,0,0,0,1,0,1,0,1,0,0,0,0,0,1,0,0,0,0,100,1,0,0,1,0,1,0,0,
item,brloot_offhand_atmine,,95,95,95,95,0,0,95,95,0,0,0,0,0,95,95,95,95,0,0,0,0,0,95,0,95,0,0,95,95,95,95,95,95,95,95,95,95,0,0,0,0,95,95,95,95,95,95,95,95,95,95,95,95,95,0,95,95,95,0,95,0,95,95,95,95,95,0,
item,brloot_offhand_claymore,,95,95,95,95,0,0,95,95,0,0,0,0,0,95,95,95,95,0,0,0,0,0,95,0,95,0,0,95,95,95,95,95,95,95,95,95,95,0,0,0,0,95,95,95,95,95,95,95,95,95,95,95,95,95,0,95,95,95,0,95,0,95,95,95,95,95,0,
item,brloot_offhand_c4,,95,95,95,95,0,0,95,95,0,0,0,0,0,95,95,95,95,0,0,0,0,0,95,0,95,0,0,95,95,95,95,95,95,95,95,95,95,0,0,0,0,95,95,95,95,95,95,95,95,95,95,95,95,95,0,95,95,95,0,95,0,95,95,95,95,95,0,
item,brloot_offhand_frag,,95,95,95,95,0,0,95,95,0,0,0,0,0,95,95,95,95,0,0,0,0,0,95,0,95,0,0,95,95,95,95,95,95,95,95,95,95,0,0,0,0,95,95,95,95,95,95,95,95,95,95,95,95,95,0,95,95,95,0,95,0,95,95,95,95,95,0,
item,brloot_offhand_molotov,,95,95,95,95,0,0,95,95,0,0,0,0,0,95,95,95,95,0,0,0,0,0,95,0,95,0,0,95,95,95,95,95,95,95,95,95,95,0,0,0,0,95,95,95,95,95,95,95,95,95,95,95,95,95,0,95,95,95,0,95,0,95,95,95,95,95,0,
item,brloot_offhand_semtex,,95,95,95,95,0,0,95,95,0,0,0,0,0,95,95,95,95,0,0,0,0,0,95,0,95,0,0,95,95,95,95,95,95,95,95,95,95,0,0,0,0,95,95,95,95,95,95,95,95,95,95,95,95,95,0,95,95,95,0,95,0,95,95,95,95,95,0,
item,brloot_offhand_thermite,,95,95,95,95,0,0,95,95,0,0,0,0,0,95,95,95,95,0,0,0,0,0,95,0,95,0,0,95,95,95,95,95,95,95,95,95,95,0,0,0,0,95,95,95,95,95,95,95,95,95,95,95,95,95,0,95,95,95,0,95,0,95,95,95,95,95,0,
item,brloot_offhand_throwingknife,,95,95,95,95,0,0,95,95,0,0,0,0,0,95,95,95,95,0,0,0,0,0,95,0,95,0,0,95,95,95,95,95,95,95,95,95,95,0,0,0,0,95,95,95,95,95,95,95,95,95,95,95,95,95,0,95,95,95,0,95,0,95,95,95,95,95,0,
item,brloot_offhand_bunkerbuster,,50,50,50,50,0,0,50,50,0,0,0,0,0,50,50,50,50,0,0,0,0,0,50,0,50,0,0,50,50,50,50,50,50,50,50,50,50,0,0,0,0,50,50,50,50,50,50,50,50,50,50,50,50,50,0,50,50,50,0,50,0,50,50,50,50,50,0,
item,brloot_offhand_breacherdrone,,95,95,95,95,0,0,95,95,0,0,0,0,0,95,95,95,95,0,0,0,0,0,95,0,95,0,0,95,95,95,95,95,95,95,95,95,95,0,0,0,0,95,95,95,95,95,95,95,95,95,95,95,95,95,0,95,95,95,0,95,0,95,95,95,95,95,0,
item,brloot_offhand_thermobaric,,95,95,95,95,0,0,95,95,0,0,0,0,0,95,95,95,95,0,0,0,0,0,95,0,95,0,0,95,95,95,95,95,95,95,95,95,95,0,0,0,0,95,95,95,95,95,95,95,95,95,95,95,95,95,0,95,95,95,0,95,0,95,95,95,95,95,0,
item,brloot_offhand_concussion,,105,105,105,105,0,0,105,105,0,0,0,0,0,105,105,105,105,0,0,0,0,0,105,0,105,0,1,105,105,5,5,105,105,105,105,105,105,0,0,0,0,105,105,105,105,105,105,105,105,105,105,105,105,105,1,105,5,5,0,105,0,105,105,105,105,105,0,
item,brloot_offhand_decoy,,105,105,105,105,0,0,105,105,0,0,0,0,0,105,105,105,105,0,0,0,0,0,105,0,105,0,1,105,105,5,5,105,105,105,105,105,105,0,0,0,0,105,105,105,105,105,105,105,105,105,105,105,105,105,1,105,5,5,0,105,0,105,105,105,105,105,0,
item,brloot_offhand_flash,,105,105,105,105,0,0,105,105,0,0,0,0,0,105,105,105,105,0,0,0,0,0,105,0,105,0,1,105,105,5,5,105,105,105,105,105,105,0,0,0,0,105,105,105,105,105,105,105,105,105,105,105,105,105,1,105,5,5,0,105,0,105,105,105,105,105,0,
item,brloot_offhand_gas,,105,105,105,105,0,0,105,105,0,0,0,0,0,105,105,105,105,0,0,0,0,0,105,0,105,0,1,105,105,5,5,105,105,105,105,105,105,0,0,0,0,105,105,105,105,105,105,105,105,105,105,105,105,105,1,105,5,5,0,105,0,105,105,105,105,105,0,
item,brloot_offhand_smoke,,105,105,105,105,0,0,105,105,0,0,0,0,0,105,105,105,105,0,0,0,0,0,105,0,105,0,1,105,105,5,5,105,105,105,105,105,105,0,0,0,0,105,105,105,105,105,105,105,105,105,105,105,105,105,1,105,5,5,0,105,0,105,105,105,105,105,0,
item,brloot_offhand_snapshot,,105,105,105,105,0,0,105,105,0,0,0,0,0,105,105,105,105,0,0,0,0,0,105,0,105,0,1,105,105,5,5,105,105,105,105,105,105,0,0,0,0,105,105,105,105,105,105,105,105,105,105,105,105,105,1,105,5,5,0,105,0,105,105,105,105,105,0,
item,brloot_offhand_shockstick,,105,105,105,105,0,0,105,105,0,0,0,0,0,105,105,105,105,0,0,0,0,0,105,0,105,0,1,105,105,5,5,105,105,105,105,105,105,0,0,0,0,105,105,105,105,105,105,105,105,105,105,105,105,105,1,105,5,5,0,105,0,105,105,105,105,105,0,
item,brloot_offhand_battlerage,,45,55,55,55,0,0,55,55,0,0,0,0,0,55,55,55,55,0,0,0,0,0,55,0,55,0,1,55,55,5,5,55,55,55,55,55,55,0,0,0,0,55,55,55,55,55,55,55,55,55,55,55,55,55,1,55,5,5,0,55,0,45,55,45,55,45,0,
item,brloot_offhand_tracker,,105,105,105,105,0,0,105,105,0,0,0,0,0,105,105,105,105,0,0,0,0,0,105,0,105,0,1,105,105,5,5,105,105,105,105,105,105,0,0,0,0,105,105,105,105,105,105,105,105,105,105,105,105,105,1,105,5,5,0,105,0,105,105,105,105,105,0,
item,brloot_offhand_butterfly_mine,,105,105,105,105,0,0,105,105,0,0,0,0,0,105,105,105,105,0,0,0,0,0,105,0,105,0,1,105,105,5,5,105,105,105,105,105,105,0,0,0,0,105,105,105,105,105,105,105,105,105,105,105,105,105,1,105,5,5,0,105,0,105,105,105,105,105,0,
item,brloot_health_adrenaline,,10,0,0,0,0,0,0,0,0,0,0,0,0,50,50,50,50,0,0,0,0,0,0,0,0,1,1,0,0,0,0,0,0,0,0,0,0,0,0,0,0,0,0,0,0,0,0,0,0,0,0,0,0,0,1,10,0,0,0,0,0,10,0,10,0,10,0,
item,brloot_offhand_taccover,,85,65,0,50,50,50,50,50,0,0,0,0,0,0,0,0,0,0,0,0,0,0,70,0,50,0,0,0,70,50,50,50,65,65,65,65,65,0,0,0,0,80,80,80,80,80,80,80,80,80,80,80,80,80,0,80,65,65,0,65,0,85,50,85,65,85,0,
item,brloot_offhand_trophysystem,,85,65,0,50,50,50,50,50,0,0,0,0,0,0,0,0,0,0,0,0,0,0,70,0,50,0,0,0,70,50,50,50,65,65,65,65,65,0,0,0,0,80,80,80,80,80,80,80,80,80,80,80,80,80,0,80,65,65,0,65,0,85,50,85,65,85,0,
item,brloot_killstreak_recondrone,,80,65,0,50,50,50,50,50,0,0,0,0,0,0,0,0,0,0,0,0,0,0,75,0,50,0,0,0,75,50,50,50,65,65,65,65,65,0,0,0,0,80,80,80,80,80,80,80,80,80,80,80,80,80,0,80,65,65,0,65,0,80,50,80,65,80,0,
item,brloot_super_deadsilence,,48,65,0,50,50,50,50,50,0,0,0,0,0,0,0,0,0,0,0,0,0,0,70,0,50,0,0,0,70,50,50,50,65,65,65,65,65,0,0,0,0,50,50,50,50,50,50,50,50,50,50,50,50,50,0,50,65,65,0,65,0,48,50,48,65,48,0,
item,brloot_super_munitionsbox,,80,65,0,50,50,50,50,50,0,0,0,0,0,0,0,0,0,0,0,0,0,0,70,0,50,0,0,0,70,50,50,50,65,65,65,65,65,0,0,0,0,80,80,80,80,80,80,80,80,80,80,80,80,80,0,80,65,65,0,65,0,80,50,80,65,80,0,
item,brloot_super_armorbox,,80,65,0,50,50,50,50,50,0,0,0,0,0,0,0,0,0,0,0,0,0,0,70,0,50,0,0,0,70,50,50,50,65,65,65,65,65,0,0,0,0,80,80,80,80,80,80,80,80,80,80,80,80,80,0,80,65,65,0,65,0,80,50,80,65,80,0,
item,brloot_super_heartbeatsensor,,80,65,0,50,50,50,50,50,0,0,0,0,0,0,0,0,0,0,0,0,0,0,70,0,50,0,0,0,70,50,50,50,65,65,65,65,65,0,0,0,0,80,80,80,80,80,80,80,80,80,80,80,80,80,0,80,65,65,0,65,0,80,50,80,65,80,0,
item,brloot_super_emppulse,,80,65,0,50,50,50,50,50,0,0,0,0,0,0,0,0,0,0,0,0,0,0,70,0,50,0,0,0,70,50,50,50,65,65,65,65,65,0,0,0,0,80,80,80,80,80,80,80,80,80,80,80,80,80,0,80,65,65,0,65,0,80,50,80,65,80,0,
item,brloot_super_tacticalcamera,,80,65,0,50,50,50,50,50,0,0,0,0,0,0,0,0,0,0,0,0,0,0,70,0,50,0,0,0,70,50,50,50,65,65,65,65,65,0,0,0,0,80,80,80,80,80,80,80,80,80,80,80,80,80,0,80,65,65,0,65,0,80,50,80,65,80,0,
item,brloot_super_stimpistol,,0,0,0,0,0,0,0,0,0,0,0,0,0,0,0,0,0,0,0,0,0,0,0,0,0,0,0,0,0,0,0,0,0,0,0,0,0,0,0,0,0,0,0,0,0,0,0,0,0,0,0,0,0,0,0,0,0,0,0,0,0,0,0,0,0,0,0,
item,brloot_offhand_deployed_decoy,,80,65,0,50,50,50,50,50,0,0,0,0,0,0,0,0,0,0,0,0,0,0,70,0,50,0,0,0,70,50,50,50,65,65,65,65,65,0,0,0,0,80,80,80,80,80,80,80,80,80,80,80,80,80,0,80,65,65,0,65,0,80,50,80,65,80,0,
item,brloot_super_soundveil,,25,65,0,50,50,50,50,50,0,0,0,0,0,0,0,0,0,0,0,0,0,0,70,0,50,0,0,0,70,50,50,50,65,65,65,65,65,0,0,0,0,20,20,20,20,20,20,20,20,20,20,20,20,20,0,20,65,65,0,65,0,25,50,25,65,25,0,
item,brloot_super_sonarpulse,,25,65,0,50,50,50,50,50,0,0,0,0,0,0,0,0,0,0,0,0,0,0,70,0,50,0,0,0,70,50,50,50,65,65,65,65,65,0,0,0,0,20,20,20,20,20,20,20,20,20,20,20,20,20,0,20,60,60,0,65,0,25,50,25,65,25,0,
item,brloot_super_personal_redeploy_drone,,80,30,0,70,70,70,70,70,0,0,0,0,0,0,0,0,0,0,0,0,0,0,30,0,70,0,0,0,30,70,70,70,30,30,30,30,30,0,0,0,0,20,20,20,20,20,20,20,20,20,20,20,20,20,0,20,50,50,0,30,0,80,70,80,30,80,0,
item,brloot_offhand_deconstation,,0,30,0,70,70,70,70,70,0,0,0,0,0,0,0,0,0,0,0,0,0,0,30,0,70,0,0,0,30,70,70,70,30,30,30,30,30,0,0,0,0,20,20,20,20,20,20,20,20,20,20,20,20,20,0,20,50,50,0,30,0,50,70,50,30,0,0,
item,brloot_super_deployablekiosk,,0,30,0,70,70,70,70,70,0,0,0,0,0,0,0,0,0,0,0,0,0,0,30,0,70,50,50,0,30,70,70,70,30,30,30,30,30,0,0,0,0,20,20,20,20,20,20,20,20,20,20,20,20,20,0,20,50,50,0,30,0,0,70,0,30,0,0,
item,brloot_super_reinforcement_flare,,0,30,0,70,70,70,70,70,0,0,0,0,0,0,0,0,0,0,0,0,0,0,30,0,70,15,15,0,30,70,70,70,30,30,30,30,30,0,0,0,0,0,0,0,0,0,0,0,0,0,0,0,0,0,0,0,0,0,0,30,0,0,70,0,30,0,0,
item,brloot_super_oxygenmask,,8,0,100,0,0,0,0,0,0,0,0,0,0,0,0,0,0,0,0,0,0,0,0,0,0,0,0,0,0,0,0,0,0,0,0,0,0,0,0,0,0,0,0,0,0,0,0,0,0,0,0,0,0,0,0,0,0,0,0,0,0,0,0,0,0,8,0,
item,brloot_offhand_advancedsupplydrop,,0,5,0,20,20,20,20,20,0,0,0,0,0,0,0,0,0,0,0,0,0,0,5,0,20,0,0,0,5,20,20,20,5,5,5,5,5,0,0,0,0,0,0,0,0,0,0,0,0,0,0,0,0,0,0,0,5,5,0,5,0,0,20,0,5,0,0,
item,brloot_balloon_extract,,0,0,0,0,0,0,0,0,0,0,0,0,0,0,0,0,0,0,0,0,0,0,0,0,0,0,0,0,0,0,0,0,0,0,0,0,0,0,0,0,0,0,0,0,0,0,0,0,0,0,0,0,0,0,0,0,0,0,0,0,0,0,0,0,0,0,0,
item,brloot_plunder_extract,,0,0,0,0,0,0,0,0,0,0,0,0,0,0,0,0,0,0,0,0,0,0,0,0,0,0,0,0,0,0,0,0,0,0,0,0,0,0,0,0,0,0,0,0,0,0,0,0,0,0,0,0,0,0,0,0,0,0,0,0,0,0,0,0,0,0,0,
item,brloot_super_commscrambler,,85,65,0,50,50,50,50,50,0,0,0,0,0,0,0,0,0,0,0,0,0,0,70,0,50,0,0,0,70,50,50,50,65,65,65,65,65,0,0,0,0,80,80,80,80,80,80,80,80,80,80,80,80,80,0,80,65,65,0,65,0,85,50,85,65,85,0,
item,brloot_super_utilitybox,,0,65,0,50,50,50,50,50,0,0,0,0,0,0,0,0,0,0,0,0,0,0,70,0,50,0,0,0,70,50,50,50,65,65,65,65,65,0,0,0,0,0,0,0,0,0,0,0,0,0,0,0,0,0,0,0,65,65,0,65,0,80,50,80,65,80,0,
item,brloot_super_redeploy_drone_beacon,,85,65,0,50,50,50,50,50,0,0,0,0,0,0,0,0,0,0,0,0,0,0,70,0,50,0,0,0,70,50,50,50,65,65,65,65,65,0,0,0,0,80,80,80,80,80,80,80,80,80,80,80,80,80,0,80,65,65,0,65,0,85,50,85,65,85,0,feature_wz2_super_redeploy_drone_beacon
rarity,0_weapon,,545,0,0,0,0,0,390,390,0,0,0,0,0,0,0,0,0,0,0,0,0,0,0,0,0,0,0,0,0,0,0,0,0,0,0,0,0,0,0,0,0,500,500,500,500,500,450,500,500,500,500,450,450,500,0,545,0,0,0,0,0,545,0,545,0,545,0,
rarity,1_weapon,,275,425,425,0,0,0,350,350,0,0,0,0,0,0,0,0,0,0,0,0,0,0,425,0,0,0,0,0,425,0,0,205,55,450,450,425,425,0,0,0,0,300,300,300,300,300,325,300,300,300,300,325,325,300,0,275,55,20,0,425,0,275,0,275,450,275,0,
rarity,2_weapon,,180,325,325,500,500,500,260,260,0,0,0,0,0,0,0,0,0,0,0,0,0,0,325,0,960,0,0,0,325,0,0,185,45,350,350,325,325,0,0,0,0,200,200,200,200,200,225,200,200,200,200,225,225,200,0,180,45,30,0,325,0,180,500,180,350,180,0,
rarity,3_weapon,,0,125,125,300,300,300,0,0,0,0,0,0,0,0,0,0,0,0,0,0,0,0,125,0,100,0,0,0,125,0,0,140,0,125,125,125,125,0,0,0,0,0,0,0,0,0,0,0,0,0,0,0,0,0,0,0,0,10,100,125,0,0,250,0,125,0,0,
rarity,4_weapon,,0,75,75,150,150,150,0,0,0,0,0,0,0,0,0,0,0,0,0,0,0,0,75,0,30,0,0,0,75,0,0,70,0,75,75,75,75,0,0,0,0,0,0,0,0,0,0,0,0,0,0,0,0,0,0,0,0,10,100,75,0,1,150,1,75,0,0,
rarity,5_weapon,,0,50,50,50,50,50,0,0,0,0,0,0,0,0,0,0,0,0,0,0,0,0,50,0,10,0,0,0,50,0,0,50,0,0,0,50,50,0,0,0,0,0,0,0,0,0,0,0,0,0,0,0,0,0,0,0,0,0,0,50,0,0,100,0,0,0,25,
item,brloot_armor_plate,,1,1,1,1,1,1,1,1,0,0,0,0,0,0,0,0,0,0,0,0,0,0,1,0,1,0,0,0,0,0,0,1,1,1,1,1,1,0,0,0,0,1,1,1,1,1,1,1,1,1,1,1,1,1,0,1,1,1,0,1,0,1,1,1,1,1,1,
item,brloot_plunder_cash_common_1,,0,0,0,0,0,0,0,0,0,0,0,0,0,0,0,0,0,0,0,0,0,0,0,0,0,0,0,0,0,0,0,0,0,0,0,0,0,0,0,0,0,0,0,0,0,0,0,0,0,0,0,0,0,0,0,0,0,0,0,0,0,0,0,0,0,0,0,
item,brloot_plunder_cash_uncommon_1,,875,875,875,0,0,0,875,875,0,1,0,0,0,0,0,0,0,0,0,0,0,875,875,0,0,0,0,0,0,0,0,0,0,5,5,5,8,0,0,0,0,768,768,768,768,768,768,768,768,768,768,768,768,768,0,800,0,0,0,875,375,875,0,875,875,875,50,
item,brloot_plunder_cash_uncommon_2,,100,100,100,700,700,0,100,100,1,0,1,0,0,0,0,0,0,0,0,0,0,100,100,0,0,0,0,0,0,600,600,600,20,20,20,20,20,0,0,0,0,157,157,157,157,157,157,157,157,157,157,157,157,157,0,175,20,20,20,100,420,100,700,100,100,100,0,
item,brloot_plunder_cash_uncommon_3,,25,25,25,200,200,500,25,25,0,0,0,1,1,0,0,0,0,0,0,0,0,25,25,0,0,0,0,0,0,300,300,300,12,12,12,12,12,0,0,0,0,49,49,49,49,49,49,49,49,49,49,49,49,49,0,25,12,12,12,25,150,25,200,25,25,25,0,
item,brloot_plunder_cash_rare_1,,0,0,0,75,75,200,0,0,0,0,0,0,0,0,0,0,0,0,0,0,0,0,0,0,550,0,0,0,0,75,75,75,8,8,8,8,8,0,1,0,0,18,18,18,18,18,18,18,18,18,18,18,18,18,0,0,8,8,8,0,50,0,75,0,0,0,0,
item,brloot_plunder_cash_rare_2,,0,0,0,25,25,150,0,0,0,0,0,0,0,0,0,0,0,0,0,0,0,0,0,0,450,0,0,0,0,25,25,25,0,0,0,0,0,0,1,0,0,7,7,7,7,7,7,7,7,7,7,7,7,7,0,0,0,0,5,0,5,0,25,0,0,0,0,
item,brloot_plunder_cash_epic_1,,0,0,0,0,0,100,0,0,1,0,0,0,0,0,0,0,0,0,0,0,0,0,0,0,0,0,0,0,0,0,0,0,0,0,0,0,0,0,0,0,0,2,2,2,2,2,2,2,2,2,2,2,2,2,0,0,0,0,0,0,0,0,0,0,0,0,0,
item,brloot_plunder_cash_epic_2,,0,0,0,0,0,49,0,0,0,0,0,0,0,0,0,0,0,0,0,0,0,0,0,0,0,0,0,0,0,0,0,0,0,0,0,0,0,0,0,0,0,0,0,0,0,0,0,0,0,0,0,0,0,0,0,0,0,0,0,0,0,0,0,0,0,0,0,
item,brloot_plunder_cash_legendary_1,,0,0,0,0,0,1,0,0,0,0,0,0,0,0,0,0,0,0,0,0,0,0,0,0,0,0,0,0,0,0,0,0,0,0,0,0,0,0,0,0,0,0,0,0,0,0,0,0,0,0,0,0,0,0,0,0,0,0,0,0,0,0,0,0,0,0,0,
item,brloot_killstreak_assaultdrone,,0,125,125,125,100,100,0,0,0,0,0,0,0,0,0,0,0,0,0,0,0,0,125,0,125,0,0,0,125,0,1,125,0,0,0,0,0,0,0,0,0,125,125,125,125,125,125,125,125,125,125,125,125,125,0,125,0,0,0,125,0,0,125,0,125,0,0,
item,brloot_killstreak_uav,,0,0,0,0,0,0,0,0,0,0,0,0,0,0,0,0,0,0,0,0,0,0,0,0,0,0,0,0,0,0,0,0,0,0,0,0,0,0,0,0,0,0,0,0,0,0,0,0,0,0,0,0,0,0,0,0,0,0,0,0,0,0,0,0,150,0,0,
item,brloot_killstreak_uav_bigmap,,0,100,100,100,125,125,0,0,0,0,0,0,0,0,0,0,0,0,0,0,0,0,100,0,100,0,0,0,100,0,0,100,15,15,15,15,15,0,0,1,0,100,100,100,100,100,100,100,100,100,100,100,100,100,0,100,15,15,0,100,0,0,100,0,100,0,0,
item,brloot_killstreak_clusterstrike,,0,125,125,125,115,115,0,0,0,0,0,0,0,0,0,0,0,0,0,0,0,0,125,0,125,0,0,0,125,0,0,125,25,25,25,25,25,0,0,0,0,125,125,125,125,125,125,125,125,125,125,125,125,125,0,125,25,25,0,125,0,0,125,0,125,0,0,
item,brloot_killstreak_precision_airstrike,,0,115,115,115,110,110,0,0,0,0,0,0,0,0,0,0,0,0,0,0,0,0,115,0,115,0,0,0,115,0,1,115,25,25,25,25,25,0,0,0,0,115,115,115,115,115,115,115,115,115,115,115,115,115,0,115,25,25,0,115,0,0,115,0,115,0,0,
item,brloot_killstreak_cluster_spike,,0,110,110,110,100,100,0,0,0,0,0,0,0,0,0,0,0,0,0,0,0,0,110,0,110,0,0,0,110,0,0,110,0,0,0,0,0,0,0,0,0,110,110,110,110,110,110,110,110,110,110,110,110,110,0,110,0,0,100,110,0,0,110,0,110,0,0,
item,brloot_killstreak_scramblerdrone,,0,100,100,100,125,125,0,0,0,0,0,0,0,0,0,0,0,0,0,0,0,0,100,0,100,0,0,0,100,0,1,100,0,20,20,20,15,0,0,0,0,100,100,100,100,100,100,100,100,100,100,100,100,100,0,100,0,10,200,100,0,0,100,0,100,0,0,
item,brloot_killstreak_supply_sweep,,0,100,100,100,125,125,0,0,0,0,0,0,0,0,0,0,0,0,0,0,0,0,100,0,100,0,0,0,100,0,0,100,0,0,0,0,0,0,0,0,0,100,100,100,100,100,100,100,100,100,100,100,100,100,0,100,0,0,0,100,0,0,100,0,100,0,0,
item,brloot_munition_jup_switchblade_drone,,0,100,100,100,100,100,0,0,0,0,0,0,0,0,0,0,0,0,0,0,0,0,100,0,100,0,0,0,100,0,0,100,0,0,0,0,0,0,0,0,0,100,100,100,100,100,100,100,100,100,100,100,100,100,0,100,0,0,0,100,0,0,100,0,100,0,0,
item,brloot_munition_jup_lrad,,0,100,100,100,100,100,0,0,0,0,0,0,0,0,0,0,0,0,0,0,0,0,100,0,100,0,0,0,100,0,0,100,0,0,0,0,0,0,0,0,0,100,100,100,100,100,100,100,100,100,100,100,100,100,0,100,0,0,0,100,0,0,100,0,100,0,0,
item,brloot_munition_jup_missile_turret,,0,100,100,100,100,100,0,0,0,0,0,0,0,0,0,0,0,0,0,0,0,0,100,0,100,0,0,0,100,0,0,100,0,0,0,0,0,0,0,0,0,100,100,100,100,100,100,100,100,100,100,100,100,100,0,100,0,0,0,100,0,0,100,0,100,0,0,
item,brloot_killstreak_auav,,0,0,0,0,0,0,0,0,0,0,0,0,0,0,0,0,0,0,0,0,0,0,0,0,0,0,0,0,0,0,1,0,0,0,0,0,0,0,0,0,0,0,0,0,0,0,0,0,0,0,0,0,0,0,0,0,0,0,0,0,0,0,0,0,150,0,25,
item,brloot_killstreak_emp,,0,125,125,125,115,115,0,0,0,0,0,0,0,0,0,0,0,0,0,0,0,0,125,0,125,0,0,0,125,0,0,125,25,25,25,25,25,0,0,0,0,125,125,125,125,125,125,125,125,125,125,125,125,125,0,125,25,25,0,125,0,0,125,0,125,0,0,
item,brloot_killstreak_bunker_buster,,0,100,100,100,125,125,0,0,0,0,0,0,0,0,0,0,0,0,0,0,0,0,100,0,100,0,0,0,100,0,0,100,15,15,15,15,15,0,0,1,0,100,100,100,100,100,100,100,100,100,100,100,100,100,0,100,15,15,0,100,0,0,100,0,100,0,0,
item,brloot_killstreak_circle_peek,,0,0,0,0,0,0,0,0,0,0,0,0,0,0,0,0,0,0,0,0,0,0,0,0,0,0,0,0,0,0,0,0,0,0,0,0,0,0,0,0,0,0,0,0,0,0,0,0,0,0,0,0,0,0,0,0,0,0,0,0,0,0,1,0,0,0,25,
item,brloot_assassination_laptop,,300,0,0,0,0,0,0,0,0,0,0,0,0,0,0,0,0,0,0,0,0,0,0,0,0,0,0,0,0,0,0,0,0,0,0,0,0,0,0,0,0,300,300,300,300,300,300,300,300,300,300,300,300,300,0,300,0,0,0,0,0,0,0,0,0,300,0,
item,brloot_master_assassination_laptop,,300,0,0,0,0,0,0,0,0,0,0,0,0,0,0,0,0,0,0,0,0,0,0,0,0,0,0,0,0,0,0,0,0,0,0,0,0,0,0,0,0,200,200,200,200,200,200,200,200,200,200,200,200,200,0,200,0,0,0,0,0,0,0,0,0,300,0,
item,brloot_vip_laptop,,200,0,0,0,0,0,0,0,0,0,0,0,0,0,0,0,0,0,0,0,0,0,0,0,0,0,0,0,0,0,0,0,0,0,0,0,0,0,0,0,0,200,200,200,200,200,200,200,200,200,200,200,200,200,0,200,0,0,0,0,0,0,0,0,0,200,0,
item,brloot_intel_laptop,,250,0,0,0,0,0,0,0,0,0,0,0,0,0,0,0,0,0,0,0,0,0,0,0,0,0,0,0,0,0,0,0,0,0,0,0,0,0,0,0,0,250,250,250,250,250,250,250,250,250,250,250,250,250,0,250,0,0,0,0,0,0,0,0,0,250,0,
item,brloot_safecracker_laptop,,300,0,0,0,0,0,0,0,0,0,0,0,0,0,0,0,0,0,0,0,0,0,0,0,0,0,0,0,0,0,0,0,0,0,0,0,0,0,0,0,0,150,150,150,150,150,150,150,150,150,150,150,150,150,0,150,0,0,0,0,0,0,0,0,0,300,0,
item,brloot_scavenger_laptop,,350,0,0,0,0,0,0,0,0,0,0,0,0,0,0,0,0,0,0,0,0,0,0,0,0,0,0,0,0,0,0,0,0,0,0,0,0,0,0,0,0,500,500,500,500,500,500,500,500,500,500,500,500,500,0,500,0,0,0,0,0,0,0,0,0,350,0,
item,brloot_stronghold_infil_laptop,,0,0,0,0,0,0,0,0,0,0,0,0,0,0,0,0,0,0,0,0,0,0,0,0,0,0,0,0,0,0,0,0,0,0,0,0,0,0,0,0,0,0,0,0,0,0,0,0,0,0,0,0,0,0,0,0,0,0,0,0,0,0,0,0,0,0,0,
item,brloot_elite_arrow_laptop,,0,0,0,0,0,0,0,0,0,0,0,0,0,0,0,0,0,0,0,0,0,0,0,0,0,0,0,0,0,0,0,0,0,0,0,0,0,0,0,0,0,0,0,0,0,0,0,0,0,0,0,0,0,0,0,0,0,0,0,0,0,0,0,0,0,0,0,
item,brloot_elite_chopper_laptop,,0,0,0,0,0,0,0,0,0,0,0,0,0,0,0,0,0,0,0,0,0,0,0,0,0,0,0,0,0,0,0,0,0,0,0,0,0,0,0,0,0,0,0,0,0,0,0,0,0,0,0,0,0,0,0,0,0,0,0,0,0,0,0,0,0,0,0,
item,brloot_elite_geiger_laptop,,0,0,0,0,0,0,0,0,0,0,0,0,0,0,0,0,0,0,0,0,0,0,0,0,0,0,0,0,0,0,0,0,0,0,0,0,0,0,0,0,0,0,0,0,0,0,0,0,0,0,0,0,0,0,0,0,0,0,0,0,0,0,0,0,0,0,0,
item,brloot_spy_drones_laptop,,0,0,0,0,0,0,0,0,0,0,0,0,0,0,0,0,0,0,0,0,0,0,0,0,0,0,0,0,0,0,0,0,0,0,0,0,0,0,0,0,0,0,0,0,0,0,0,0,0,0,0,0,0,0,0,0,0,0,0,0,0,0,0,0,0,0,0,
rarity,0_noDrop,,0,0,0,0,0,0,0,0,0,0,0,0,0,0,0,0,0,0,0,0,0,0,0,0,0,0,0,0,0,0,0,0,0,0,0,0,0,0,0,0,0,0,0,0,0,0,0,0,0,0,0,0,0,0,0,0,0,0,0,0,0,0,0,0,0,0,0,
rarity,1_noDrop,,0,0,0,0,0,0,0,0,0,0,0,0,0,0,0,0,0,0,0,0,0,0,0,0,0,0,0,0,0,0,0,0,0,0,0,0,0,0,0,0,0,0,0,0,0,0,0,0,0,0,0,0,0,0,0,0,0,0,0,0,0,0,0,0,0,0,0,
rarity,2_noDrop,,0,0,0,0,0,0,0,0,0,0,0,0,0,0,0,0,0,0,0,0,0,0,0,0,0,0,0,0,0,0,0,0,0,0,0,0,0,0,0,0,0,0,0,0,0,0,0,0,0,0,0,0,0,0,0,0,0,0,0,0,0,0,0,0,0,0,0,
rarity,3_noDrop,,0,0,0,0,0,0,0,0,0,0,0,0,0,0,0,0,0,0,0,0,0,0,0,0,0,0,0,0,0,0,0,0,0,0,0,0,0,0,0,0,0,0,0,0,0,0,0,0,0,0,0,0,0,0,0,0,0,0,0,0,0,0,0,0,0,0,0,
rarity,4_noDrop,,0,0,0,0,0,0,0,0,0,0,0,0,0,0,0,0,0,0,0,0,0,0,0,0,0,0,0,0,0,0,0,0,0,0,0,0,0,0,0,0,0,0,0,0,0,0,0,0,0,0,0,0,0,0,0,0,0,0,0,0,0,0,0,0,0,0,0,
item,brloot_plate_carrier_3_medic,,318,318,318,318,318,318,318,318,0,0,0,0,0,0,0,0,0,0,0,0,0,0,318,1,318,1,1,1,0,0,318,318,318,318,318,318,318,0,0,0,0,1,1,1,1,1,1,1,1,1,1,1,1,1,0,0,318,318,0,318,318,318,318,318,318,318,0,
item,brloot_plate_carrier_3_comms,,248,248,248,248,248,248,248,248,0,0,0,0,0,0,0,0,0,0,0,0,0,0,248,1,248,0,0,1,0,0,248,248,248,248,248,248,248,0,0,0,0,1,1,1,1,1,1,1,1,1,1,1,1,1,0,0,248,248,0,248,248,248,248,248,248,248,0,
item,brloot_plate_carrier_3_stealth,,93,93,93,93,93,93,93,93,0,0,0,0,0,0,0,0,0,0,0,0,0,0,93,1,93,0,0,1,0,0,93,93,93,93,93,93,93,0,0,0,0,1,1,1,1,1,1,1,1,1,1,1,1,1,0,0,93,93,0,93,93,93,93,93,93,93,0,
item,brloot_plate_carrier_tempered,,93,93,93,93,93,93,93,93,0,0,0,0,0,0,0,0,0,0,0,0,0,0,93,1,93,0,0,1,0,0,93,93,93,93,93,93,93,0,0,0,0,1,1,1,1,1,1,1,1,1,1,1,1,1,0,0,93,93,0,93,93,93,93,93,93,93,0,
item,brloot_voucher_killstreak_clusterstrike,,0,0,0,0,0,0,0,0,0,0,0,0,0,0,0,0,0,1,1,1,1,0,0,0,0,0,0,0,0,0,0,0,0,0,0,0,0,0,0,0,0,0,0,0,0,0,0,0,0,0,0,0,0,0,0,0,0,0,0,0,0,0,0,0,0,0,0,
item,brloot_voucher_killstreak_precision_airstrike,,0,0,0,0,0,0,0,0,0,0,0,0,0,0,0,0,0,1,1,1,1,0,0,0,0,0,0,0,0,0,0,0,0,0,0,0,0,0,0,0,0,0,0,0,0,0,0,0,0,0,0,0,0,0,0,0,0,0,0,0,0,0,0,0,0,0,0,
item,brloot_voucher_killstreak_uav,,0,0,0,0,0,0,0,0,0,0,0,0,0,0,0,0,0,1,1,1,1,0,0,0,0,0,0,0,0,0,0,0,0,0,0,0,0,0,0,0,0,0,0,0,0,0,0,0,0,0,0,0,0,0,0,0,0,0,0,0,0,0,0,0,0,0,0,
item,brloot_voucher_self_revive,,0,0,0,0,0,0,0,0,0,0,0,0,0,0,0,0,0,1,1,1,1,0,0,0,0,0,0,0,0,0,0,0,0,0,0,0,0,0,0,0,0,0,0,0,0,0,0,0,0,0,0,0,0,0,0,0,0,0,0,0,0,0,0,0,0,0,0,
item,brloot_voucher_super_armorbox,,0,0,0,0,0,0,0,0,0,0,0,0,0,0,0,0,0,1,1,1,1,0,0,0,0,0,0,0,0,0,0,0,0,0,0,0,0,0,0,0,0,0,0,0,0,0,0,0,0,0,0,0,0,0,0,0,0,0,0,0,0,0,0,0,0,0,0,
item,brloot_perkpack_airman_jup,,93,93,0,93,93,0,93,93,0,0,0,0,0,0,0,0,0,0,0,0,0,0,93,0,93,93,93,0,93,0,0,93,93,93,93,93,93,0,0,0,0,93,93,93,93,93,93,93,93,93,93,93,93,93,0,0,0,93,0,93,0,93,93,93,93,93,0,
item,brloot_perkpack_backer_jup,,93,93,0,93,93,0,93,93,0,0,0,0,0,0,0,0,0,0,0,0,0,0,93,0,93,93,93,0,93,0,0,93,93,93,93,93,93,0,0,0,0,93,93,93,93,93,93,93,93,93,93,93,93,93,0,0,0,93,0,93,0,93,93,93,93,93,0,
item,brloot_perkpack_commander_jup,,25,25,0,25,25,0,25,25,0,0,0,0,0,0,0,0,0,0,0,0,0,0,25,0,25,25,25,0,25,0,0,25,25,25,25,25,25,0,0,0,0,25,25,25,25,25,25,25,25,25,25,25,25,25,0,0,0,25,0,25,0,25,25,25,25,25,0,
item,brloot_perkpack_corporal_jup,,130,130,0,130,130,0,130,130,0,0,0,0,0,0,0,0,0,0,0,0,0,0,130,0,130,130,130,0,130,0,0,130,130,130,130,130,130,0,0,0,0,130,130,130,130,130,130,130,130,130,130,130,130,130,0,0,0,130,0,130,0,130,130,130,130,130,0,
item,brloot_perkpack_deputy_jup,,50,50,0,50,50,0,50,50,0,0,0,0,0,0,0,0,0,0,0,0,0,0,50,0,50,50,50,0,50,0,0,50,50,50,50,50,50,0,0,0,0,50,50,50,50,50,50,50,50,50,50,50,50,50,0,0,0,50,0,50,0,50,50,50,50,50,0,
item,brloot_perkpack_driller_jup,,130,130,0,130,130,0,130,130,0,0,0,0,0,0,0,0,0,0,0,0,0,0,130,0,130,130,130,0,130,0,0,130,130,130,130,130,130,0,0,0,0,130,130,130,130,130,130,130,130,130,130,130,130,130,0,0,0,130,0,130,0,130,130,130,130,130,0,
item,brloot_perkpack_huntsman_jup,,25,25,0,25,25,0,25,25,0,0,0,0,0,0,0,0,0,0,0,0,0,0,25,0,25,25,25,0,25,0,0,25,25,25,25,25,25,0,0,0,0,25,25,25,25,25,25,25,25,25,25,25,25,25,0,0,0,25,0,25,0,25,25,25,25,25,0,
item,brloot_perkpack_legionnaire_jup,,130,130,0,130,130,0,130,130,0,0,0,0,0,0,0,0,0,0,0,0,0,0,130,0,130,130,130,0,130,0,0,130,130,130,130,130,130,0,0,0,0,130,130,130,130,130,130,130,130,130,130,130,130,130,0,0,0,130,0,130,0,130,130,130,130,130,0,
item,brloot_perkpack_marauder_jup,,94,94,0,94,94,0,94,94,0,0,0,0,0,0,0,0,0,0,0,0,0,0,94,0,94,94,94,0,94,0,0,94,94,94,94,94,94,0,0,0,0,94,94,94,94,94,94,94,94,94,94,94,94,94,0,0,0,94,0,94,0,94,94,94,94,94,0,
item,brloot_perkpack_resistor_jup,,50,50,0,50,50,0,50,50,0,0,0,0,0,0,0,0,0,0,0,0,0,0,50,0,50,50,50,0,50,0,0,50,50,50,50,50,50,0,0,0,0,50,50,50,50,50,50,50,50,50,50,50,50,50,0,0,0,50,0,50,0,50,50,50,50,50,0,
item,brloot_perkpack_stuntman_jup,,130,130,0,130,130,0,130,130,0,0,0,0,0,0,0,0,0,0,0,0,0,0,130,0,130,130,130,0,130,0,0,130,130,130,130,130,130,0,0,0,0,130,130,130,130,130,130,130,130,130,130,130,130,130,0,0,0,130,0,130,0,130,130,130,130,130,0,
item,brloot_perkpack_technician_jup,,50,50,0,50,50,0,50,50,0,0,0,0,0,0,0,0,0,0,0,0,0,0,50,0,50,50,50,0,50,0,0,50,50,50,50,50,50,0,0,0,0,50,50,50,50,50,50,50,50,50,50,50,50,50,0,0,0,50,0,50,0,50,50,50,50,50,0,
item,brloot_perkpack_specialist_jup,,0,0,0,0,0,0,0,0,0,0,0,0,0,0,0,0,0,0,0,0,0,0,0,0,0,0,0,0,0,0,0,0,0,0,0,0,0,0,0,0,0,0,0,0,0,0,0,0,0,0,0,0,0,0,0,0,0,0,0,0,0,0,0,0,0,0,25,
item,loot_multi_key_fortress,,0,1,0,1,0,0,0,0,0,0,0,0,0,0,0,0,0,0,0,0,0,0,0,0,0,0,0,0,0,0,0,0,0,0,0,0,0,0,0,0,0,0,0,0,0,0,0,0,0,0,0,0,0,0,0,0,0,0,0,1,0,0,1,0,1,0,0,
pointFlagFilter,loot_spawn_large,0,large|medium|small,,,,,,,,,,,,,,,,,,,,,,,,,,,,,,,,,,,,,,,,,,,,,,,,,,,,,,,,,,,,,,,,,,,
pointFlagFilter,loot_spawn_medium,0,medium|small,,,,,,,,,,,,,,,,,,,,,,,,,,,,,,,,,,,,,,,,,,,,,,,,,,,,,,,,,,,,,,,,,,,
pointFlagFilter,loot_spawn_small,0,small,,,,,,,,,,,,,,,,,,,,,,,,,,,,,,,,,,,,,,,,,,,,,,,,,,,,,,,,,,,,,,,,,,,
item,brloot_redeploy_token,,0,300,0,300,0,0,0,0,0,0,0,0,0,0,0,0,0,0,0,0,0,0,0,0,1,0,0,0,0,0,1,1,0,0,0,0,0,0,0,0,0,0,0,0,0,0,0,0,0,0,0,0,0,0,0,1,0,0,0,300,0,0,300,0,300,0,0,
item,brloot_gulag_token,,0,700,0,700,0,0,0,0,0,0,0,0,0,0,0,0,0,0,0,0,0,0,0,0,10,0,0,0,0,0,0,0,0,0,0,0,0,0,0,0,0,1,0,0,1,0,1,0,0,0,0,0,0,0,0,0,0,0,1,700,0,0,700,0,700,0,0,
item,brloot_access_card_bunker,,0,1,0,1,0,0,0,0,0,0,0,0,0,0,0,0,0,0,0,0,0,0,0,0,0,0,0,0,0,0,0,0,1,1,1,1,1,0,0,0,0,0,0,0,0,0,0,0,0,0,0,0,0,0,0,0,0,1,1,1,0,0,0,0,1,0,0,
